HR(t),Cal(t),Inte(t),METs(t),Steps(t),Timestamp,HR(t-1),Cal(t-1),Inte(t-1),METs(t-1),Steps(t-1),HR(t-2),Cal(t-2),Inte(t-2),METs(t-2),Steps(t-2)
58,1.34900999069214,0,13,0,2016-04-12T07:23:00Z,87.8888888888889,3.94325995445251,1,38,9,101.6,3.32064008712769,1,32,17
58,1.03770005702972,0,10,0,2016-04-12T07:24:00Z,58,1.34900999069214,0,13,0,87.8888888888889,3.94325995445251,1,38,9
56.7777777777778,1.03770005702972,0,10,0,2016-04-12T07:25:00Z,58,1.03770005702972,0,10,0,58,1.34900999069214,0,13,0
53.1666666666667,2.49047994613647,1,24,7,2016-04-12T07:26:00Z,56.7777777777778,1.03770005702972,0,10,0,58,1.03770005702972,0,10,0
55.1428571428571,1.03770005702972,0,10,0,2016-04-12T07:27:00Z,53.1666666666667,2.49047994613647,1,24,7,56.7777777777778,1.03770005702972,0,10,0
65.6666666666667,2.69801998138428,1,26,13,2016-04-12T07:28:00Z,55.1428571428571,1.03770005702972,0,10,0,53.1666666666667,2.49047994613647,1,24,7
73,2.49047994613647,1,24,9,2016-04-12T07:29:00Z,65.6666666666667,2.69801998138428,1,26,13,55.1428571428571,1.03770005702972,0,10,0
78,2.69801998138428,1,26,15,2016-04-12T07:30:00Z,73,2.49047994613647,1,24,9,65.6666666666667,2.69801998138428,1,26,13
84.5,3.11310005187988,1,30,21,2016-04-12T07:37:00Z,81.7777777777778,3.52817988395691,1,34,43,71.8333333333333,1.14146995544434,0,11,0
78.4285714285714,3.52817988395691,1,34,30,2016-04-12T07:38:00Z,84.5,3.11310005187988,1,30,21,81.7777777777778,3.52817988395691,1,34,43
85.7777777777778,3.11310005187988,1,30,22,2016-04-12T07:39:00Z,78.4285714285714,3.52817988395691,1,34,30,84.5,3.11310005187988,1,30,21
90.2222222222222,3.73571991920471,1,36,42,2016-04-12T07:40:00Z,85.7777777777778,3.11310005187988,1,30,22,78.4285714285714,3.52817988395691,1,34,30
93.1428571428571,3.73571991920471,1,36,30,2016-04-12T07:41:00Z,90.2222222222222,3.73571991920471,1,36,42,85.7777777777778,3.11310005187988,1,30,22
88,3.52817988395691,1,34,8,2016-04-12T07:42:00Z,93.1428571428571,3.73571991920471,1,36,30,90.2222222222222,3.73571991920471,1,36,42
85.125,3.52817988395691,1,34,27,2016-04-12T07:43:00Z,88,3.52817988395691,1,34,8,93.1428571428571,3.73571991920471,1,36,30
85.1666666666667,2.90556001663208,1,28,6,2016-04-12T07:44:00Z,85.125,3.52817988395691,1,34,27,88,3.52817988395691,1,34,8
85,1.34900999069214,0,13,0,2016-04-12T07:45:00Z,85.1666666666667,2.90556001663208,1,28,6,85.125,3.52817988395691,1,34,27
81.6666666666667,2.90556001663208,1,28,6,2016-04-12T07:46:00Z,85,1.34900999069214,0,13,0,85.1666666666667,2.90556001663208,1,28,6
77,3.11310005187988,1,30,20,2016-04-12T07:47:00Z,81.6666666666667,2.90556001663208,1,28,6,85,1.34900999069214,0,13,0
79.2857142857143,1.34900999069214,0,13,0,2016-04-12T07:48:00Z,77,3.11310005187988,1,30,20,81.6666666666667,2.90556001663208,1,28,6
79.5714285714286,3.52817988395691,1,34,36,2016-04-12T07:49:00Z,79.2857142857143,1.34900999069214,0,13,0,77,3.11310005187988,1,30,20
85.6,3.32064008712769,1,32,30,2016-04-12T07:50:00Z,79.5714285714286,3.52817988395691,1,34,36,79.2857142857143,1.34900999069214,0,13,0
90.5,3.11310005187988,1,30,14,2016-04-12T07:51:00Z,85.6,3.32064008712769,1,32,30,79.5714285714286,3.52817988395691,1,34,36
89,3.94325995445251,1,38,46,2016-04-12T07:52:00Z,90.5,3.11310005187988,1,30,14,85.6,3.32064008712769,1,32,30
91.1818181818182,3.73571991920471,1,36,30,2016-04-12T07:53:00Z,89,3.94325995445251,1,38,46,90.5,3.11310005187988,1,30,14
87.3333333333333,4.35833978652954,1,42,63,2016-04-12T07:54:00Z,91.1818181818182,3.73571991920471,1,36,30,89,3.94325995445251,1,38,46
95.9,4.98095989227295,1,48,78,2016-04-12T07:55:00Z,87.3333333333333,4.35833978652954,1,42,63,91.1818181818182,3.73571991920471,1,36,30
101.3,5.39603996276855,1,52,83,2016-04-12T07:56:00Z,95.9,4.98095989227295,1,48,78,87.3333333333333,4.35833978652954,1,42,63
103.7,5.39603996276855,1,52,72,2016-04-12T07:57:00Z,101.3,5.39603996276855,1,52,83,95.9,4.98095989227295,1,48,78
100.125,4.98095989227295,1,48,46,2016-04-12T07:58:00Z,103.7,5.39603996276855,1,52,72,101.3,5.39603996276855,1,52,83
100.375,4.1508002281189,1,40,24,2016-04-12T07:59:00Z,100.125,4.98095989227295,1,48,46,103.7,5.39603996276855,1,52,72
107.444444444444,4.35833978652954,1,42,14,2016-04-12T08:00:00Z,100.375,4.1508002281189,1,40,24,100.125,4.98095989227295,1,48,46
102.333333333333,4.77341985702515,1,46,19,2016-04-12T08:01:00Z,107.444444444444,4.35833978652954,1,42,14,100.375,4.1508002281189,1,40,24
90.5,4.56587982177734,1,44,27,2016-04-12T08:02:00Z,102.333333333333,4.77341985702515,1,46,19,107.444444444444,4.35833978652954,1,42,14
77,1.24523997306824,0,12,0,2016-04-12T08:03:00Z,90.5,4.56587982177734,1,44,27,102.333333333333,4.77341985702515,1,46,19
80.6666666666667,2.69801998138428,1,26,12,2016-04-12T08:04:00Z,77,1.24523997306824,0,12,0,90.5,4.56587982177734,1,44,27
79.75,1.34900999069214,0,13,0,2016-04-12T08:05:00Z,80.6666666666667,2.69801998138428,1,26,12,77,1.24523997306824,0,12,0
78.7777777777778,1.34900999069214,0,13,0,2016-04-12T08:06:00Z,79.75,1.34900999069214,0,13,0,80.6666666666667,2.69801998138428,1,26,12
76.9,1.34900999069214,0,13,0,2016-04-12T08:07:00Z,78.7777777777778,1.34900999069214,0,13,0,79.75,1.34900999069214,0,13,0
76.3333333333333,1.14146995544434,0,11,0,2016-04-12T08:08:00Z,76.9,1.34900999069214,0,13,0,78.7777777777778,1.34900999069214,0,13,0
83.9,3.32064008712769,1,32,31,2016-04-12T08:09:00Z,76.3333333333333,1.14146995544434,0,11,0,76.9,1.34900999069214,0,13,0
85.5,3.32064008712769,1,32,23,2016-04-12T08:10:00Z,83.9,3.32064008712769,1,32,31,76.3333333333333,1.14146995544434,0,11,0
78.4285714285714,2.90556001663208,1,28,7,2016-04-12T08:11:00Z,85.5,3.32064008712769,1,32,23,83.9,3.32064008712769,1,32,31
78,2.69801998138428,1,26,8,2016-04-12T08:12:00Z,78.4285714285714,2.90556001663208,1,28,7,85.5,3.32064008712769,1,32,23
75.2222222222222,1.34900999069214,0,13,0,2016-04-12T08:13:00Z,78,2.69801998138428,1,26,8,78.4285714285714,2.90556001663208,1,28,7
82,3.73571991920471,1,36,49,2016-04-12T08:14:00Z,75.2222222222222,1.34900999069214,0,13,0,78,2.69801998138428,1,26,8
87.2222222222222,3.32064008712769,1,32,27,2016-04-12T08:15:00Z,82,3.73571991920471,1,36,49,75.2222222222222,1.34900999069214,0,13,0
81.3333333333333,3.32064008712769,1,32,23,2016-04-12T08:16:00Z,87.2222222222222,3.32064008712769,1,32,27,82,3.73571991920471,1,36,49
75,1.34900999069214,0,13,0,2016-04-12T08:17:00Z,81.3333333333333,3.32064008712769,1,32,23,87.2222222222222,3.32064008712769,1,32,27
61.5,1.03770005702972,0,10,0,2016-04-12T08:18:00Z,75,1.34900999069214,0,13,0,81.3333333333333,3.32064008712769,1,32,23
62.3333333333333,1.03770005702972,0,10,0,2016-04-12T08:19:00Z,61.5,1.03770005702972,0,10,0,75,1.34900999069214,0,13,0
61,1.14146995544434,0,11,0,2016-04-12T08:20:00Z,62.3333333333333,1.03770005702972,0,10,0,61.5,1.03770005702972,0,10,0
59.7142857142857,1.03770005702972,0,10,0,2016-04-12T08:21:00Z,61,1.14146995544434,0,11,0,62.3333333333333,1.03770005702972,0,10,0
60.6666666666667,1.14146995544434,0,11,0,2016-04-12T08:22:00Z,59.7142857142857,1.03770005702972,0,10,0,61,1.14146995544434,0,11,0
60,1.03770005702972,0,10,0,2016-04-12T08:23:00Z,60.6666666666667,1.14146995544434,0,11,0,59.7142857142857,1.03770005702972,0,10,0
58,1.03770005702972,0,10,0,2016-04-12T08:24:00Z,60,1.03770005702972,0,10,0,60.6666666666667,1.14146995544434,0,11,0
58.6,1.03770005702972,0,10,0,2016-04-12T08:25:00Z,58,1.03770005702972,0,10,0,60,1.03770005702972,0,10,0
63.1666666666667,1.14146995544434,0,11,0,2016-04-12T08:26:00Z,58.6,1.03770005702972,0,10,0,58,1.03770005702972,0,10,0
59,1.03770005702972,0,10,0,2016-04-12T08:27:00Z,63.1666666666667,1.14146995544434,0,11,0,58.6,1.03770005702972,0,10,0
60,1.14146995544434,0,11,0,2016-04-12T08:28:00Z,59,1.03770005702972,0,10,0,63.1666666666667,1.14146995544434,0,11,0
58.8333333333333,1.14146995544434,0,11,0,2016-04-12T08:29:00Z,60,1.14146995544434,0,11,0,59,1.03770005702972,0,10,0
59.6,1.14146995544434,0,11,0,2016-04-12T08:30:00Z,58.8333333333333,1.14146995544434,0,11,0,60,1.14146995544434,0,11,0
64.2,1.14146995544434,0,11,0,2016-04-12T08:31:00Z,59.6,1.14146995544434,0,11,0,58.8333333333333,1.14146995544434,0,11,0
66.3333333333333,3.11310005187988,1,30,30,2016-04-12T08:32:00Z,64.2,1.14146995544434,0,11,0,59.6,1.14146995544434,0,11,0
60.4285714285714,1.14146995544434,0,11,0,2016-04-12T08:33:00Z,66.3333333333333,3.11310005187988,1,30,30,64.2,1.14146995544434,0,11,0
56.8,1.14146995544434,0,11,0,2016-04-12T08:34:00Z,60.4285714285714,1.14146995544434,0,11,0,66.3333333333333,3.11310005187988,1,30,30
55.6,1.14146995544434,0,11,0,2016-04-12T08:35:00Z,56.8,1.14146995544434,0,11,0,60.4285714285714,1.14146995544434,0,11,0
55.3333333333333,1.03770005702972,0,10,0,2016-04-12T08:36:00Z,55.6,1.14146995544434,0,11,0,56.8,1.14146995544434,0,11,0
55.6,1.14146995544434,0,11,0,2016-04-12T08:37:00Z,55.3333333333333,1.03770005702972,0,10,0,55.6,1.14146995544434,0,11,0
57.3333333333333,1.14146995544434,0,11,0,2016-04-12T08:38:00Z,55.6,1.14146995544434,0,11,0,55.3333333333333,1.03770005702972,0,10,0
57.4,1.14146995544434,0,11,0,2016-04-12T08:39:00Z,57.3333333333333,1.14146995544434,0,11,0,55.6,1.14146995544434,0,11,0
57.875,1.14146995544434,0,11,0,2016-04-12T08:40:00Z,57.4,1.14146995544434,0,11,0,57.3333333333333,1.14146995544434,0,11,0
58,1.03770005702972,0,10,0,2016-04-12T08:41:00Z,57.875,1.14146995544434,0,11,0,57.4,1.14146995544434,0,11,0
58.4,1.03770005702972,0,10,0,2016-04-12T08:42:00Z,58,1.03770005702972,0,10,0,57.875,1.14146995544434,0,11,0
58.5,1.14146995544434,0,11,0,2016-04-12T08:43:00Z,58.4,1.03770005702972,0,10,0,58,1.03770005702972,0,10,0
59.875,1.14146995544434,0,11,0,2016-04-12T08:44:00Z,58.5,1.14146995544434,0,11,0,58.4,1.03770005702972,0,10,0
62,1.14146995544434,0,11,0,2016-04-12T08:45:00Z,59.875,1.14146995544434,0,11,0,58.5,1.14146995544434,0,11,0
62,1.14146995544434,0,11,0,2016-04-12T08:46:00Z,62,1.14146995544434,0,11,0,59.875,1.14146995544434,0,11,0
60.4,1.03770005702972,0,10,0,2016-04-12T08:47:00Z,62,1.14146995544434,0,11,0,62,1.14146995544434,0,11,0
59.6,3.94325995445251,1,38,64,2016-04-12T08:48:00Z,60.4,1.03770005702972,0,10,0,62,1.14146995544434,0,11,0
59.25,1.14146995544434,0,11,0,2016-04-12T08:49:00Z,59.6,3.94325995445251,1,38,64,60.4,1.03770005702972,0,10,0
58,1.03770005702972,0,10,0,2016-04-12T08:50:00Z,59.25,1.14146995544434,0,11,0,59.6,3.94325995445251,1,38,64
57.1666666666667,1.14146995544434,0,11,0,2016-04-12T08:51:00Z,58,1.03770005702972,0,10,0,59.25,1.14146995544434,0,11,0
60.75,1.03770005702972,0,10,0,2016-04-12T08:52:00Z,57.1666666666667,1.14146995544434,0,11,0,58,1.03770005702972,0,10,0
60,1.03770005702972,0,10,0,2016-04-12T08:53:00Z,60.75,1.03770005702972,0,10,0,57.1666666666667,1.14146995544434,0,11,0
58.6666666666667,1.03770005702972,0,10,0,2016-04-12T08:54:00Z,60,1.03770005702972,0,10,0,60.75,1.03770005702972,0,10,0
59.1666666666667,1.14146995544434,0,11,0,2016-04-12T08:55:00Z,58.6666666666667,1.03770005702972,0,10,0,60,1.03770005702972,0,10,0
57.5,1.14146995544434,0,11,0,2016-04-12T08:56:00Z,59.1666666666667,1.14146995544434,0,11,0,58.6666666666667,1.03770005702972,0,10,0
56.625,1.03770005702972,0,10,0,2016-04-12T08:57:00Z,57.5,1.14146995544434,0,11,0,59.1666666666667,1.14146995544434,0,11,0
63,1.14146995544434,0,11,0,2016-04-12T08:58:00Z,56.625,1.03770005702972,0,10,0,57.5,1.14146995544434,0,11,0
65.8571428571429,1.03770005702972,0,10,0,2016-04-12T08:59:00Z,63,1.14146995544434,0,11,0,56.625,1.03770005702972,0,10,0
64,1.14146995544434,0,11,0,2016-04-12T09:00:00Z,65.8571428571429,1.03770005702972,0,10,0,63,1.14146995544434,0,11,0
61.4,1.03770005702972,0,10,0,2016-04-12T09:01:00Z,64,1.14146995544434,0,11,0,65.8571428571429,1.03770005702972,0,10,0
59,1.03770005702972,0,10,0,2016-04-12T09:02:00Z,61.4,1.03770005702972,0,10,0,64,1.14146995544434,0,11,0
61.1666666666667,1.03770005702972,0,10,0,2016-04-12T09:03:00Z,59,1.03770005702972,0,10,0,61.4,1.03770005702972,0,10,0
61.5,1.03770005702972,0,10,0,2016-04-12T09:04:00Z,61.1666666666667,1.03770005702972,0,10,0,59,1.03770005702972,0,10,0
58.8,1.03770005702972,0,10,0,2016-04-12T09:05:00Z,61.5,1.03770005702972,0,10,0,61.1666666666667,1.03770005702972,0,10,0
59.2,1.03770005702972,0,10,0,2016-04-12T09:06:00Z,58.8,1.03770005702972,0,10,0,61.5,1.03770005702972,0,10,0
60.8571428571429,1.03770005702972,0,10,0,2016-04-12T09:07:00Z,59.2,1.03770005702972,0,10,0,58.8,1.03770005702972,0,10,0
61,1.03770005702972,0,10,0,2016-04-12T09:08:00Z,60.8571428571429,1.03770005702972,0,10,0,59.2,1.03770005702972,0,10,0
63.3333333333333,1.03770005702972,0,10,0,2016-04-12T09:09:00Z,61,1.03770005702972,0,10,0,60.8571428571429,1.03770005702972,0,10,0
61.6,1.03770005702972,0,10,0,2016-04-12T09:10:00Z,63.3333333333333,1.03770005702972,0,10,0,61,1.03770005702972,0,10,0
59.8,1.03770005702972,0,10,0,2016-04-12T09:11:00Z,61.6,1.03770005702972,0,10,0,63.3333333333333,1.03770005702972,0,10,0
59.25,1.03770005702972,0,10,0,2016-04-12T09:12:00Z,59.8,1.03770005702972,0,10,0,61.6,1.03770005702972,0,10,0
60,1.03770005702972,0,10,0,2016-04-12T09:13:00Z,59.25,1.03770005702972,0,10,0,59.8,1.03770005702972,0,10,0
64.7142857142857,1.03770005702972,0,10,0,2016-04-12T09:14:00Z,60,1.03770005702972,0,10,0,59.25,1.03770005702972,0,10,0
62,1.03770005702972,0,10,0,2016-04-12T09:15:00Z,64.7142857142857,1.03770005702972,0,10,0,60,1.03770005702972,0,10,0
58.5,1.14146995544434,0,11,0,2016-04-12T09:16:00Z,62,1.03770005702972,0,10,0,64.7142857142857,1.03770005702972,0,10,0
59.2,1.14146995544434,0,11,0,2016-04-12T09:17:00Z,58.5,1.14146995544434,0,11,0,62,1.03770005702972,0,10,0
57.75,1.14146995544434,0,11,0,2016-04-12T09:18:00Z,59.2,1.14146995544434,0,11,0,58.5,1.14146995544434,0,11,0
56.1666666666667,1.03770005702972,0,10,0,2016-04-12T09:19:00Z,57.75,1.14146995544434,0,11,0,59.2,1.14146995544434,0,11,0
55.75,1.03770005702972,0,10,0,2016-04-12T09:20:00Z,56.1666666666667,1.03770005702972,0,10,0,57.75,1.14146995544434,0,11,0
55.75,1.03770005702972,0,10,0,2016-04-12T09:21:00Z,55.75,1.03770005702972,0,10,0,56.1666666666667,1.03770005702972,0,10,0
60.8,1.14146995544434,0,11,0,2016-04-12T09:22:00Z,55.75,1.03770005702972,0,10,0,55.75,1.03770005702972,0,10,0
60.1666666666667,1.14146995544434,0,11,0,2016-04-12T09:23:00Z,60.8,1.14146995544434,0,11,0,55.75,1.03770005702972,0,10,0
56.25,1.03770005702972,0,10,0,2016-04-12T09:24:00Z,60.1666666666667,1.14146995544434,0,11,0,60.8,1.14146995544434,0,11,0
57.75,1.14146995544434,0,11,0,2016-04-12T09:25:00Z,56.25,1.03770005702972,0,10,0,60.1666666666667,1.14146995544434,0,11,0
58.8,1.14146995544434,0,11,0,2016-04-12T09:26:00Z,57.75,1.14146995544434,0,11,0,56.25,1.03770005702972,0,10,0
55.8,1.03770005702972,0,10,0,2016-04-12T09:27:00Z,58.8,1.14146995544434,0,11,0,57.75,1.14146995544434,0,11,0
56.8,1.14146995544434,0,11,0,2016-04-12T09:28:00Z,55.8,1.03770005702972,0,10,0,58.8,1.14146995544434,0,11,0
65.8,2.49047994613647,1,24,8,2016-04-12T09:29:00Z,56.8,1.14146995544434,0,11,0,55.8,1.03770005702972,0,10,0
65.6,2.69801998138428,1,26,18,2016-04-12T09:30:00Z,65.8,2.49047994613647,1,24,8,56.8,1.14146995544434,0,11,0
71.6666666666667,2.49047994613647,1,24,9,2016-04-12T09:31:00Z,65.6,2.69801998138428,1,26,18,65.8,2.49047994613647,1,24,8
82,3.32064008712769,1,32,30,2016-04-12T09:32:00Z,71.6666666666667,2.49047994613647,1,24,9,65.6,2.69801998138428,1,26,18
84,1.34900999069214,0,13,0,2016-04-12T09:33:00Z,82,3.32064008712769,1,32,30,71.6666666666667,2.49047994613647,1,24,9
82,1.34900999069214,0,13,0,2016-04-12T09:34:00Z,84,1.34900999069214,0,13,0,82,3.32064008712769,1,32,30
71.6666666666667,1.34900999069214,0,13,0,2016-04-12T09:35:00Z,82,1.34900999069214,0,13,0,84,1.34900999069214,0,13,0
59.3333333333333,1.03770005702972,0,10,0,2016-04-12T09:36:00Z,71.6666666666667,1.34900999069214,0,13,0,82,1.34900999069214,0,13,0
59.6,1.03770005702972,0,10,0,2016-04-12T09:37:00Z,59.3333333333333,1.03770005702972,0,10,0,71.6666666666667,1.34900999069214,0,13,0
58.2,1.03770005702972,0,10,0,2016-04-12T09:38:00Z,59.6,1.03770005702972,0,10,0,59.3333333333333,1.03770005702972,0,10,0
57.5,1.14146995544434,0,11,0,2016-04-12T09:39:00Z,58.2,1.03770005702972,0,10,0,59.6,1.03770005702972,0,10,0
66.1428571428571,1.03770005702972,0,10,0,2016-04-12T09:40:00Z,57.5,1.14146995544434,0,11,0,58.2,1.03770005702972,0,10,0
77,2.90556001663208,1,28,21,2016-04-12T09:41:00Z,66.1428571428571,1.03770005702972,0,10,0,57.5,1.14146995544434,0,11,0
67.8888888888889,2.69801998138428,1,26,7,2016-04-12T09:42:00Z,77,2.90556001663208,1,28,21,66.1428571428571,1.03770005702972,0,10,0
66.2857142857143,1.14146995544434,0,11,0,2016-04-12T09:43:00Z,67.8888888888889,2.69801998138428,1,26,7,77,2.90556001663208,1,28,21
66.4444444444444,2.49047994613647,1,24,12,2016-04-12T09:44:00Z,66.2857142857143,1.14146995544434,0,11,0,67.8888888888889,2.69801998138428,1,26,7
62.6666666666667,2.49047994613647,1,24,9,2016-04-12T09:45:00Z,66.4444444444444,2.49047994613647,1,24,12,66.2857142857143,1.14146995544434,0,11,0
65.5,1.14146995544434,0,11,0,2016-04-12T09:46:00Z,62.6666666666667,2.49047994613647,1,24,9,66.4444444444444,2.49047994613647,1,24,12
81.2222222222222,3.94325995445251,1,38,55,2016-04-12T09:47:00Z,65.5,1.14146995544434,0,11,0,62.6666666666667,2.49047994613647,1,24,9
92.5,3.73571991920471,1,36,40,2016-04-12T09:48:00Z,81.2222222222222,3.94325995445251,1,38,55,65.5,1.14146995544434,0,11,0
95.4545454545455,3.73571991920471,1,36,23,2016-04-12T09:49:00Z,92.5,3.73571991920471,1,36,40,81.2222222222222,3.94325995445251,1,38,55
87.2222222222222,2.69801998138428,1,26,4,2016-04-12T09:50:00Z,95.4545454545455,3.73571991920471,1,36,23,92.5,3.73571991920471,1,36,40
73,1.34900999069214,0,13,0,2016-04-12T09:51:00Z,87.2222222222222,2.69801998138428,1,26,4,95.4545454545455,3.73571991920471,1,36,23
66.2,1.14146995544434,0,11,0,2016-04-12T09:52:00Z,73,1.34900999069214,0,13,0,87.2222222222222,2.69801998138428,1,26,4
60.7142857142857,1.14146995544434,0,11,0,2016-04-12T09:53:00Z,66.2,1.14146995544434,0,11,0,73,1.34900999069214,0,13,0
59.4444444444444,1.14146995544434,0,11,0,2016-04-12T09:54:00Z,60.7142857142857,1.14146995544434,0,11,0,66.2,1.14146995544434,0,11,0
61.5,1.14146995544434,0,11,0,2016-04-12T09:55:00Z,59.4444444444444,1.14146995544434,0,11,0,60.7142857142857,1.14146995544434,0,11,0
61,1.14146995544434,0,11,0,2016-04-12T09:56:00Z,61.5,1.14146995544434,0,11,0,59.4444444444444,1.14146995544434,0,11,0
63.5,1.14146995544434,0,11,0,2016-04-12T09:57:00Z,61,1.14146995544434,0,11,0,61.5,1.14146995544434,0,11,0
68.5,1.14146995544434,0,11,0,2016-04-12T09:58:00Z,63.5,1.14146995544434,0,11,0,61,1.14146995544434,0,11,0
75.375,2.49047994613647,1,24,7,2016-04-12T09:59:00Z,68.5,1.14146995544434,0,11,0,63.5,1.14146995544434,0,11,0
86.5555555555556,4.98095989227295,1,48,77,2016-04-12T10:00:00Z,75.375,2.49047994613647,1,24,7,68.5,1.14146995544434,0,11,0
87.5555555555556,4.1508002281189,1,40,64,2016-04-12T10:01:00Z,86.5555555555556,4.98095989227295,1,48,77,75.375,2.49047994613647,1,24,7
83.3333333333333,4.35833978652954,1,42,68,2016-04-12T10:02:00Z,87.5555555555556,4.1508002281189,1,40,64,86.5555555555556,4.98095989227295,1,48,77
91.5833333333333,3.32064008712769,1,32,26,2016-04-12T10:03:00Z,83.3333333333333,4.35833978652954,1,42,68,87.5555555555556,4.1508002281189,1,40,64
105.5,6.43374013900757,3,62,114,2016-04-12T10:04:00Z,91.5833333333333,3.32064008712769,1,32,26,83.3333333333333,4.35833978652954,1,42,68
115.222222222222,6.84882020950317,3,66,116,2016-04-12T10:05:00Z,105.5,6.43374013900757,3,62,114,91.5833333333333,3.32064008712769,1,32,26
110.125,7.26389980316162,3,70,116,2016-04-12T10:06:00Z,115.222222222222,6.84882020950317,3,66,116,105.5,6.43374013900757,3,62,114
110.636363636364,7.05635976791382,3,68,116,2016-04-12T10:07:00Z,110.125,7.26389980316162,3,70,116,115.222222222222,6.84882020950317,3,66,116
114.444444444444,7.05635976791382,3,68,117,2016-04-12T10:08:00Z,110.636363636364,7.05635976791382,3,68,116,110.125,7.26389980316162,3,70,116
110.909090909091,7.47143983840942,3,72,121,2016-04-12T10:09:00Z,114.444444444444,7.05635976791382,3,68,117,110.636363636364,7.05635976791382,3,68,116
113.5,7.05635976791382,3,68,117,2016-04-12T10:10:00Z,110.909090909091,7.47143983840942,3,72,121,114.444444444444,7.05635976791382,3,68,117
114.1,7.26389980316162,3,70,119,2016-04-12T10:11:00Z,113.5,7.05635976791382,3,68,117,110.909090909091,7.47143983840942,3,72,121
117,7.26389980316162,3,70,122,2016-04-12T10:12:00Z,114.1,7.26389980316162,3,70,119,113.5,7.05635976791382,3,68,117
120,7.47143983840942,3,72,120,2016-04-12T10:13:00Z,117,7.26389980316162,3,70,122,114.1,7.26389980316162,3,70,119
118.142857142857,7.67897987365723,3,74,119,2016-04-12T10:14:00Z,120,7.47143983840942,3,72,120,117,7.26389980316162,3,70,122
114.125,7.47143983840942,3,72,120,2016-04-12T10:15:00Z,118.142857142857,7.67897987365723,3,74,119,120,7.47143983840942,3,72,120
116.833333333333,7.26389980316162,3,70,123,2016-04-12T10:16:00Z,114.125,7.47143983840942,3,72,120,118.142857142857,7.67897987365723,3,74,119
113.142857142857,7.47143983840942,3,72,121,2016-04-12T10:17:00Z,116.833333333333,7.26389980316162,3,70,123,114.125,7.47143983840942,3,72,120
116.285714285714,7.26389980316162,3,70,121,2016-04-12T10:18:00Z,113.142857142857,7.47143983840942,3,72,121,116.833333333333,7.26389980316162,3,70,123
117.875,7.47143983840942,3,72,116,2016-04-12T10:19:00Z,116.285714285714,7.26389980316162,3,70,121,113.142857142857,7.47143983840942,3,72,121
118.857142857143,7.47143983840942,3,72,118,2016-04-12T10:20:00Z,117.875,7.47143983840942,3,72,116,116.285714285714,7.26389980316162,3,70,121
123.5,7.47143983840942,3,72,109,2016-04-12T10:21:00Z,118.857142857143,7.47143983840942,3,72,118,117.875,7.47143983840942,3,72,116
131.222222222222,7.88651990890503,3,76,104,2016-04-12T10:22:00Z,123.5,7.47143983840942,3,72,109,118.857142857143,7.47143983840942,3,72,118
128.571428571429,8.50914001464844,3,82,71,2016-04-12T10:23:00Z,131.222222222222,7.88651990890503,3,76,104,123.5,7.47143983840942,3,72,109
122.875,8.50914001464844,3,82,110,2016-04-12T10:24:00Z,128.571428571429,8.50914001464844,3,82,71,131.222222222222,7.88651990890503,3,76,104
117.142857142857,7.88651990890503,3,76,117,2016-04-12T10:25:00Z,122.875,8.50914001464844,3,82,110,128.571428571429,8.50914001464844,3,82,71
117.666666666667,7.47143983840942,3,72,115,2016-04-12T10:26:00Z,117.142857142857,7.88651990890503,3,76,117,122.875,8.50914001464844,3,82,110
118.333333333333,7.47143983840942,3,72,111,2016-04-12T10:27:00Z,117.666666666667,7.47143983840942,3,72,115,117.142857142857,7.88651990890503,3,76,117
117.375,7.26389980316162,3,70,106,2016-04-12T10:28:00Z,118.333333333333,7.47143983840942,3,72,111,117.666666666667,7.47143983840942,3,72,115
116.142857142857,7.47143983840942,3,72,113,2016-04-12T10:29:00Z,117.375,7.26389980316162,3,70,106,118.333333333333,7.47143983840942,3,72,111
116.857142857143,7.26389980316162,3,70,113,2016-04-12T10:30:00Z,116.142857142857,7.47143983840942,3,72,113,117.375,7.26389980316162,3,70,106
116.571428571429,7.26389980316162,3,70,109,2016-04-12T10:31:00Z,116.857142857143,7.26389980316162,3,70,113,116.142857142857,7.47143983840942,3,72,113
116.1,7.26389980316162,3,70,113,2016-04-12T10:32:00Z,116.571428571429,7.26389980316162,3,70,109,116.857142857143,7.26389980316162,3,70,113
118.25,7.47143983840942,3,72,117,2016-04-12T10:33:00Z,116.1,7.26389980316162,3,70,113,116.571428571429,7.26389980316162,3,70,109
116,7.67897987365723,3,74,120,2016-04-12T10:34:00Z,118.25,7.47143983840942,3,72,117,116.1,7.26389980316162,3,70,113
114.375,7.47143983840942,3,72,119,2016-04-12T10:35:00Z,116,7.67897987365723,3,74,120,118.25,7.47143983840942,3,72,117
112.888888888889,6.84882020950317,3,66,98,2016-04-12T10:36:00Z,114.375,7.47143983840942,3,72,119,116,7.67897987365723,3,74,120
114.4,7.26389980316162,3,70,121,2016-04-12T10:37:00Z,112.888888888889,6.84882020950317,3,66,98,114.375,7.47143983840942,3,72,119
114.857142857143,7.05635976791382,3,68,101,2016-04-12T10:38:00Z,114.4,7.26389980316162,3,70,121,112.888888888889,6.84882020950317,3,66,98
115.5,6.84882020950317,3,66,94,2016-04-12T10:39:00Z,114.857142857143,7.05635976791382,3,68,101,114.4,7.26389980316162,3,70,121
118.125,7.26389980316162,3,70,111,2016-04-12T10:40:00Z,115.5,6.84882020950317,3,66,94,114.857142857143,7.05635976791382,3,68,101
122,7.47143983840942,3,72,112,2016-04-12T10:41:00Z,118.125,7.26389980316162,3,70,111,115.5,6.84882020950317,3,66,94
120.75,7.47143983840942,3,72,95,2016-04-12T10:42:00Z,122,7.47143983840942,3,72,112,118.125,7.26389980316162,3,70,111
113.25,7.47143983840942,3,72,108,2016-04-12T10:43:00Z,120.75,7.47143983840942,3,72,95,122,7.47143983840942,3,72,112
100,5.81112003326416,2,56,54,2016-04-12T10:44:00Z,113.25,7.47143983840942,3,72,108,120.75,7.47143983840942,3,72,95
93.75,6.22620010375977,3,60,101,2016-04-12T10:45:00Z,100,5.81112003326416,2,56,54,113.25,7.47143983840942,3,72,108
100.4,4.56587982177734,2,44,63,2016-04-12T10:46:00Z,93.75,6.22620010375977,3,60,101,100,5.81112003326416,2,56,54
103.5,4.1508002281189,1,40,22,2016-04-12T10:47:00Z,100.4,4.56587982177734,2,44,63,93.75,6.22620010375977,3,60,101
102.625,4.77341985702515,2,46,39,2016-04-12T10:48:00Z,103.5,4.1508002281189,1,40,22,100.4,4.56587982177734,2,44,63
104,5.39603996276855,2,52,69,2016-04-12T10:49:00Z,102.625,4.77341985702515,2,46,39,103.5,4.1508002281189,1,40,22
102,5.81112003326416,2,56,84,2016-04-12T10:50:00Z,104,5.39603996276855,2,52,69,102.625,4.77341985702515,2,46,39
89.625,4.35833978652954,1,42,19,2016-04-12T10:51:00Z,102,5.81112003326416,2,56,84,104,5.39603996276855,2,52,69
81,3.11310005187988,1,30,8,2016-04-12T10:52:00Z,89.625,4.35833978652954,1,42,19,102,5.81112003326416,2,56,84
77.125,1.34900999069214,0,13,0,2016-04-12T10:53:00Z,81,3.11310005187988,1,30,8,89.625,4.35833978652954,1,42,19
73,2.69801998138428,1,26,9,2016-04-12T10:54:00Z,77.125,1.34900999069214,0,13,0,81,3.11310005187988,1,30,8
70.8333333333333,2.49047994613647,1,24,5,2016-04-12T10:55:00Z,73,2.69801998138428,1,26,9,77.125,1.34900999069214,0,13,0
71,1.14146995544434,0,11,0,2016-04-12T10:56:00Z,70.8333333333333,2.49047994613647,1,24,5,73,2.69801998138428,1,26,9
61.7142857142857,1.14146995544434,0,11,0,2016-04-12T10:57:00Z,71,1.14146995544434,0,11,0,70.8333333333333,2.49047994613647,1,24,5
66.5,3.11310005187988,1,30,32,2016-04-12T10:58:00Z,61.7142857142857,1.14146995544434,0,11,0,71,1.14146995544434,0,11,0
77.6666666666667,1.14146995544434,0,11,0,2016-04-12T10:59:00Z,66.5,3.11310005187988,1,30,32,61.7142857142857,1.14146995544434,0,11,0
75.1666666666667,3.32064008712769,1,32,35,2016-04-12T11:00:00Z,77.6666666666667,1.14146995544434,0,11,0,66.5,3.11310005187988,1,30,32
70.5555555555556,1.14146995544434,0,11,0,2016-04-12T11:01:00Z,75.1666666666667,3.32064008712769,1,32,35,77.6666666666667,1.14146995544434,0,11,0
70.5,2.49047994613647,1,24,8,2016-04-12T11:02:00Z,70.5555555555556,1.14146995544434,0,11,0,75.1666666666667,3.32064008712769,1,32,35
66.5,2.49047994613647,1,24,7,2016-04-12T11:03:00Z,70.5,2.49047994613647,1,24,8,70.5555555555556,1.14146995544434,0,11,0
67,1.14146995544434,0,11,0,2016-04-12T11:04:00Z,66.5,2.49047994613647,1,24,7,70.5,2.49047994613647,1,24,8
68.25,1.14146995544434,0,11,0,2016-04-12T11:05:00Z,67,1.14146995544434,0,11,0,66.5,2.49047994613647,1,24,7
64.8,1.14146995544434,0,11,0,2016-04-12T11:06:00Z,68.25,1.14146995544434,0,11,0,67,1.14146995544434,0,11,0
65.7142857142857,1.14146995544434,0,11,0,2016-04-12T11:07:00Z,64.8,1.14146995544434,0,11,0,68.25,1.14146995544434,0,11,0
60.2857142857143,1.14146995544434,0,11,0,2016-04-12T11:08:00Z,65.7142857142857,1.14146995544434,0,11,0,64.8,1.14146995544434,0,11,0
56.1666666666667,1.03770005702972,0,10,0,2016-04-12T11:09:00Z,60.2857142857143,1.14146995544434,0,11,0,65.7142857142857,1.14146995544434,0,11,0
62.3333333333333,1.14146995544434,0,11,0,2016-04-12T11:10:00Z,56.1666666666667,1.03770005702972,0,10,0,60.2857142857143,1.14146995544434,0,11,0
63.1428571428571,1.14146995544434,0,11,0,2016-04-12T11:11:00Z,62.3333333333333,1.14146995544434,0,11,0,56.1666666666667,1.03770005702972,0,10,0
67.125,1.14146995544434,0,11,0,2016-04-12T11:12:00Z,63.1428571428571,1.14146995544434,0,11,0,62.3333333333333,1.14146995544434,0,11,0
67.2,1.14146995544434,0,11,0,2016-04-12T11:13:00Z,67.125,1.14146995544434,0,11,0,63.1428571428571,1.14146995544434,0,11,0
69.8571428571429,1.14146995544434,0,11,0,2016-04-12T11:14:00Z,67.2,1.14146995544434,0,11,0,67.125,1.14146995544434,0,11,0
63.25,2.49047994613647,1,24,9,2016-04-12T11:15:00Z,69.8571428571429,1.14146995544434,0,11,0,67.2,1.14146995544434,0,11,0
64.8,1.03770005702972,0,10,0,2016-04-12T11:16:00Z,63.25,2.49047994613647,1,24,9,69.8571428571429,1.14146995544434,0,11,0
68.5714285714286,1.14146995544434,0,11,0,2016-04-12T11:17:00Z,64.8,1.03770005702972,0,10,0,63.25,2.49047994613647,1,24,9
67.1666666666667,1.14146995544434,0,11,0,2016-04-12T11:18:00Z,68.5714285714286,1.14146995544434,0,11,0,64.8,1.03770005702972,0,10,0
66.3333333333333,1.14146995544434,0,11,0,2016-04-12T11:19:00Z,67.1666666666667,1.14146995544434,0,11,0,68.5714285714286,1.14146995544434,0,11,0
68.875,2.49047994613647,1,24,11,2016-04-12T11:20:00Z,66.3333333333333,1.14146995544434,0,11,0,67.1666666666667,1.14146995544434,0,11,0
71.375,2.28293991088867,1,22,1,2016-04-12T11:21:00Z,68.875,2.49047994613647,1,24,11,66.3333333333333,1.14146995544434,0,11,0
72.3333333333333,2.69801998138428,1,26,11,2016-04-12T11:22:00Z,71.375,2.28293991088867,1,22,1,68.875,2.49047994613647,1,24,11
66.2,1.03770005702972,0,10,0,2016-04-12T11:23:00Z,72.3333333333333,2.69801998138428,1,26,11,71.375,2.28293991088867,1,22,1
62,1.03770005702972,0,10,0,2016-04-12T11:24:00Z,66.2,1.03770005702972,0,10,0,72.3333333333333,2.69801998138428,1,26,11
62.7142857142857,1.03770005702972,0,10,0,2016-04-12T11:25:00Z,62,1.03770005702972,0,10,0,66.2,1.03770005702972,0,10,0
64.2857142857143,1.03770005702972,0,10,0,2016-04-12T11:26:00Z,62.7142857142857,1.03770005702972,0,10,0,62,1.03770005702972,0,10,0
61.1428571428571,1.03770005702972,0,10,0,2016-04-12T11:27:00Z,64.2857142857143,1.03770005702972,0,10,0,62.7142857142857,1.03770005702972,0,10,0
69,1.03770005702972,0,10,0,2016-04-12T11:28:00Z,61.1428571428571,1.03770005702972,0,10,0,64.2857142857143,1.03770005702972,0,10,0
67.5714285714286,1.14146995544434,0,11,0,2016-04-12T11:29:00Z,69,1.03770005702972,0,10,0,61.1428571428571,1.03770005702972,0,10,0
67,1.03770005702972,0,10,0,2016-04-12T11:30:00Z,67.5714285714286,1.14146995544434,0,11,0,69,1.03770005702972,0,10,0
68.2222222222222,2.49047994613647,1,24,7,2016-04-12T11:31:00Z,67,1.03770005702972,0,10,0,67.5714285714286,1.14146995544434,0,11,0
67.625,2.69801998138428,1,26,10,2016-04-12T11:32:00Z,68.2222222222222,2.49047994613647,1,24,7,67,1.03770005702972,0,10,0
69.8,2.49047994613647,1,24,5,2016-04-12T11:33:00Z,67.625,2.69801998138428,1,26,10,68.2222222222222,2.49047994613647,1,24,7
79.5454545454545,3.11310005187988,1,30,26,2016-04-12T11:34:00Z,69.8,2.49047994613647,1,24,5,67.625,2.69801998138428,1,26,10
67.5,3.11310005187988,1,30,23,2016-04-12T11:35:00Z,79.5454545454545,3.11310005187988,1,30,26,69.8,2.49047994613647,1,24,5
61.4285714285714,1.03770005702972,0,10,0,2016-04-12T11:36:00Z,67.5,3.11310005187988,1,30,23,79.5454545454545,3.11310005187988,1,30,26
60.4,1.03770005702972,0,10,0,2016-04-12T11:37:00Z,61.4285714285714,1.03770005702972,0,10,0,67.5,3.11310005187988,1,30,23
65.2222222222222,1.14146995544434,0,11,0,2016-04-12T11:38:00Z,60.4,1.03770005702972,0,10,0,61.4285714285714,1.03770005702972,0,10,0
67.8333333333333,2.49047994613647,1,24,11,2016-04-12T11:39:00Z,65.2222222222222,1.14146995544434,0,11,0,60.4,1.03770005702972,0,10,0
76.25,3.52817988395691,1,34,43,2016-04-12T11:40:00Z,67.8333333333333,2.49047994613647,1,24,11,65.2222222222222,1.14146995544434,0,11,0
81.1111111111111,3.11310005187988,1,30,25,2016-04-12T11:41:00Z,76.25,3.52817988395691,1,34,43,67.8333333333333,2.49047994613647,1,24,11
64.875,2.69801998138428,1,26,8,2016-04-12T11:42:00Z,81.1111111111111,3.11310005187988,1,30,25,76.25,3.52817988395691,1,34,43
59.6666666666667,1.03770005702972,0,10,0,2016-04-12T11:43:00Z,64.875,2.69801998138428,1,26,8,81.1111111111111,3.11310005187988,1,30,25
57.5,1.03770005702972,0,10,0,2016-04-12T11:44:00Z,59.6666666666667,1.03770005702972,0,10,0,64.875,2.69801998138428,1,26,8
57.6,1.03770005702972,0,10,0,2016-04-12T11:45:00Z,57.5,1.03770005702972,0,10,0,59.6666666666667,1.03770005702972,0,10,0
63.8333333333333,1.03770005702972,0,10,0,2016-04-12T11:46:00Z,57.6,1.03770005702972,0,10,0,57.5,1.03770005702972,0,10,0
72,1.03770005702972,0,10,0,2016-04-12T11:47:00Z,63.8333333333333,1.03770005702972,0,10,0,57.6,1.03770005702972,0,10,0
69,1.03770005702972,0,10,0,2016-04-12T11:48:00Z,72,1.03770005702972,0,10,0,63.8333333333333,1.03770005702972,0,10,0
65.3333333333333,1.03770005702972,0,10,0,2016-04-12T11:49:00Z,69,1.03770005702972,0,10,0,72,1.03770005702972,0,10,0
64.4,1.03770005702972,0,10,0,2016-04-12T11:50:00Z,65.3333333333333,1.03770005702972,0,10,0,69,1.03770005702972,0,10,0
67.75,1.03770005702972,0,10,0,2016-04-12T11:51:00Z,64.4,1.03770005702972,0,10,0,65.3333333333333,1.03770005702972,0,10,0
75.8571428571429,2.90556001663208,1,28,21,2016-04-12T11:52:00Z,67.75,1.03770005702972,0,10,0,64.4,1.03770005702972,0,10,0
78,2.69801998138428,1,26,8,2016-04-12T11:53:00Z,75.8571428571429,2.90556001663208,1,28,21,67.75,1.03770005702972,0,10,0
87.1111111111111,3.73571991920471,1,36,48,2016-04-12T11:54:00Z,78,2.69801998138428,1,26,8,75.8571428571429,2.90556001663208,1,28,21
71.1666666666667,1.34900999069214,0,13,0,2016-04-12T11:55:00Z,87.1111111111111,3.73571991920471,1,36,48,78,2.69801998138428,1,26,8
62.5555555555556,1.14146995544434,0,11,0,2016-04-12T11:56:00Z,71.1666666666667,1.34900999069214,0,13,0,87.1111111111111,3.73571991920471,1,36,48
65,2.28293991088867,1,22,6,2016-04-12T11:57:00Z,62.5555555555556,1.14146995544434,0,11,0,71.1666666666667,1.34900999069214,0,13,0
62.2,1.14146995544434,0,11,0,2016-04-12T11:58:00Z,65,2.28293991088867,1,22,6,62.5555555555556,1.14146995544434,0,11,0
66.1,1.14146995544434,0,11,0,2016-04-12T11:59:00Z,62.2,1.14146995544434,0,11,0,65,2.28293991088867,1,22,6
69.2727272727273,2.49047994613647,1,24,9,2016-04-12T12:00:00Z,66.1,1.14146995544434,0,11,0,62.2,1.14146995544434,0,11,0
59.375,1.14146995544434,0,11,0,2016-04-12T12:01:00Z,69.2727272727273,2.49047994613647,1,24,9,66.1,1.14146995544434,0,11,0
59.3333333333333,1.14146995544434,0,11,0,2016-04-12T12:02:00Z,59.375,1.14146995544434,0,11,0,69.2727272727273,2.49047994613647,1,24,9
62.1666666666667,1.14146995544434,0,11,0,2016-04-12T12:03:00Z,59.3333333333333,1.14146995544434,0,11,0,59.375,1.14146995544434,0,11,0
63.8,1.14146995544434,0,11,0,2016-04-12T12:04:00Z,62.1666666666667,1.14146995544434,0,11,0,59.3333333333333,1.14146995544434,0,11,0
71.625,1.14146995544434,0,11,0,2016-04-12T12:05:00Z,63.8,1.14146995544434,0,11,0,62.1666666666667,1.14146995544434,0,11,0
84.6363636363636,4.1508002281189,1,40,60,2016-04-12T12:06:00Z,71.625,1.14146995544434,0,11,0,63.8,1.14146995544434,0,11,0
79,3.52817988395691,1,34,31,2016-04-12T12:07:00Z,84.6363636363636,4.1508002281189,1,40,60,71.625,1.14146995544434,0,11,0
62.875,1.34900999069214,0,13,0,2016-04-12T12:08:00Z,79,3.52817988395691,1,34,31,84.6363636363636,4.1508002281189,1,40,60
62,1.14146995544434,0,11,0,2016-04-12T12:09:00Z,62.875,1.34900999069214,0,13,0,79,3.52817988395691,1,34,31
70.8333333333333,2.28293991088867,1,22,4,2016-04-12T12:10:00Z,62,1.14146995544434,0,11,0,62.875,1.34900999069214,0,13,0
71.75,2.49047994613647,1,24,7,2016-04-12T12:11:00Z,70.8333333333333,2.28293991088867,1,22,4,62,1.14146995544434,0,11,0
74.8333333333333,2.69801998138428,1,26,13,2016-04-12T12:12:00Z,71.75,2.49047994613647,1,24,7,70.8333333333333,2.28293991088867,1,22,4
73.7142857142857,1.14146995544434,0,11,0,2016-04-12T12:13:00Z,74.8333333333333,2.69801998138428,1,26,13,71.75,2.49047994613647,1,24,7
70.4,1.14146995544434,0,11,0,2016-04-12T12:14:00Z,73.7142857142857,1.14146995544434,0,11,0,74.8333333333333,2.69801998138428,1,26,13
71.8333333333333,1.14146995544434,0,11,0,2016-04-12T12:15:00Z,70.4,1.14146995544434,0,11,0,73.7142857142857,1.14146995544434,0,11,0
70.3333333333333,2.69801998138428,1,26,11,2016-04-12T12:16:00Z,71.8333333333333,1.14146995544434,0,11,0,70.4,1.14146995544434,0,11,0
66.7142857142857,1.14146995544434,0,11,0,2016-04-12T12:17:00Z,70.3333333333333,2.69801998138428,1,26,11,71.8333333333333,1.14146995544434,0,11,0
64.1428571428571,1.14146995544434,0,11,0,2016-04-12T12:18:00Z,66.7142857142857,1.14146995544434,0,11,0,70.3333333333333,2.69801998138428,1,26,11
61.7142857142857,1.14146995544434,0,11,0,2016-04-12T12:19:00Z,64.1428571428571,1.14146995544434,0,11,0,66.7142857142857,1.14146995544434,0,11,0
59.4,2.28293991088867,1,22,6,2016-04-12T12:20:00Z,61.7142857142857,1.14146995544434,0,11,0,64.1428571428571,1.14146995544434,0,11,0
58.3333333333333,1.14146995544434,0,11,0,2016-04-12T12:21:00Z,59.4,2.28293991088867,1,22,6,61.7142857142857,1.14146995544434,0,11,0
59.4285714285714,1.14146995544434,0,11,0,2016-04-12T12:22:00Z,58.3333333333333,1.14146995544434,0,11,0,59.4,2.28293991088867,1,22,6
61.4285714285714,1.14146995544434,0,11,0,2016-04-12T12:23:00Z,59.4285714285714,1.14146995544434,0,11,0,58.3333333333333,1.14146995544434,0,11,0
58.3333333333333,1.14146995544434,0,11,0,2016-04-12T12:24:00Z,61.4285714285714,1.14146995544434,0,11,0,59.4285714285714,1.14146995544434,0,11,0
59.8333333333333,1.14146995544434,0,11,0,2016-04-12T12:25:00Z,58.3333333333333,1.14146995544434,0,11,0,61.4285714285714,1.14146995544434,0,11,0
59.2,1.03770005702972,0,10,0,2016-04-12T12:26:00Z,59.8333333333333,1.14146995544434,0,11,0,58.3333333333333,1.14146995544434,0,11,0
62.1666666666667,1.14146995544434,0,11,0,2016-04-12T12:27:00Z,59.2,1.03770005702972,0,10,0,59.8333333333333,1.14146995544434,0,11,0
66.7142857142857,1.03770005702972,0,10,0,2016-04-12T12:28:00Z,62.1666666666667,1.14146995544434,0,11,0,59.2,1.03770005702972,0,10,0
58.6666666666667,1.14146995544434,0,11,0,2016-04-12T12:29:00Z,66.7142857142857,1.03770005702972,0,10,0,62.1666666666667,1.14146995544434,0,11,0
57.5,1.03770005702972,0,10,0,2016-04-12T12:30:00Z,58.6666666666667,1.14146995544434,0,11,0,66.7142857142857,1.03770005702972,0,10,0
60.8333333333333,1.03770005702972,0,10,0,2016-04-12T12:31:00Z,57.5,1.03770005702972,0,10,0,58.6666666666667,1.14146995544434,0,11,0
68.125,1.14146995544434,0,11,0,2016-04-12T12:32:00Z,60.8333333333333,1.03770005702972,0,10,0,57.5,1.03770005702972,0,10,0
64,2.49047994613647,1,24,4,2016-04-12T12:33:00Z,68.125,1.14146995544434,0,11,0,60.8333333333333,1.03770005702972,0,10,0
58.6,1.14146995544434,0,11,0,2016-04-12T12:34:00Z,64,2.49047994613647,1,24,4,68.125,1.14146995544434,0,11,0
59.5714285714286,1.03770005702972,0,10,0,2016-04-12T12:35:00Z,58.6,1.14146995544434,0,11,0,64,2.49047994613647,1,24,4
65.3333333333333,1.14146995544434,0,11,0,2016-04-12T12:36:00Z,59.5714285714286,1.03770005702972,0,10,0,58.6,1.14146995544434,0,11,0
72,2.49047994613647,1,24,6,2016-04-12T12:37:00Z,65.3333333333333,1.14146995544434,0,11,0,59.5714285714286,1.03770005702972,0,10,0
72.4444444444444,3.32064008712769,1,32,33,2016-04-12T12:38:00Z,72,2.49047994613647,1,24,6,65.3333333333333,1.14146995544434,0,11,0
69.8333333333333,1.14146995544434,0,11,0,2016-04-12T12:39:00Z,72.4444444444444,3.32064008712769,1,32,33,72,2.49047994613647,1,24,6
66,1.14146995544434,0,11,0,2016-04-12T12:40:00Z,69.8333333333333,1.14146995544434,0,11,0,72.4444444444444,3.32064008712769,1,32,33
64.8571428571429,1.14146995544434,0,11,0,2016-04-12T12:41:00Z,66,1.14146995544434,0,11,0,69.8333333333333,1.14146995544434,0,11,0
66.8,1.14146995544434,0,11,0,2016-04-12T12:42:00Z,64.8571428571429,1.14146995544434,0,11,0,66,1.14146995544434,0,11,0
68.2857142857143,1.14146995544434,0,11,0,2016-04-12T12:43:00Z,66.8,1.14146995544434,0,11,0,64.8571428571429,1.14146995544434,0,11,0
67.4,1.14146995544434,0,11,0,2016-04-12T12:44:00Z,68.2857142857143,1.14146995544434,0,11,0,66.8,1.14146995544434,0,11,0
66.8,1.14146995544434,0,11,0,2016-04-12T12:45:00Z,67.4,1.14146995544434,0,11,0,68.2857142857143,1.14146995544434,0,11,0
66.6,1.14146995544434,0,11,0,2016-04-12T12:46:00Z,66.8,1.14146995544434,0,11,0,67.4,1.14146995544434,0,11,0
64.8,1.03770005702972,0,10,0,2016-04-12T12:47:00Z,66.6,1.14146995544434,0,11,0,66.8,1.14146995544434,0,11,0
64.75,1.14146995544434,0,11,0,2016-04-12T12:48:00Z,64.8,1.03770005702972,0,10,0,66.6,1.14146995544434,0,11,0
65.6666666666667,1.14146995544434,0,11,0,2016-04-12T12:49:00Z,64.75,1.14146995544434,0,11,0,64.8,1.03770005702972,0,10,0
66.3333333333333,1.14146995544434,0,11,0,2016-04-12T12:50:00Z,65.6666666666667,1.14146995544434,0,11,0,64.75,1.14146995544434,0,11,0
62.1666666666667,1.14146995544434,0,11,0,2016-04-12T12:51:00Z,66.3333333333333,1.14146995544434,0,11,0,65.6666666666667,1.14146995544434,0,11,0
65.625,1.14146995544434,0,11,0,2016-04-12T12:52:00Z,62.1666666666667,1.14146995544434,0,11,0,66.3333333333333,1.14146995544434,0,11,0
62.8,1.14146995544434,0,11,0,2016-04-12T12:53:00Z,65.625,1.14146995544434,0,11,0,62.1666666666667,1.14146995544434,0,11,0
65.1111111111111,1.03770005702972,0,10,0,2016-04-12T12:54:00Z,62.8,1.14146995544434,0,11,0,65.625,1.14146995544434,0,11,0
63.8333333333333,1.14146995544434,0,11,0,2016-04-12T12:55:00Z,65.1111111111111,1.03770005702972,0,10,0,62.8,1.14146995544434,0,11,0
68.75,1.14146995544434,0,11,0,2016-04-12T12:56:00Z,63.8333333333333,1.14146995544434,0,11,0,65.1111111111111,1.03770005702972,0,10,0
73.4,1.14146995544434,0,11,0,2016-04-12T12:57:00Z,68.75,1.14146995544434,0,11,0,63.8333333333333,1.14146995544434,0,11,0
68,1.14146995544434,0,11,0,2016-04-12T12:58:00Z,73.4,1.14146995544434,0,11,0,68.75,1.14146995544434,0,11,0
66.2,1.14146995544434,0,11,0,2016-04-12T12:59:00Z,68,1.14146995544434,0,11,0,73.4,1.14146995544434,0,11,0
66.2,1.14146995544434,0,11,0,2016-04-12T13:00:00Z,66.2,1.14146995544434,0,11,0,68,1.14146995544434,0,11,0
66.25,1.14146995544434,0,11,0,2016-04-12T13:01:00Z,66.2,1.14146995544434,0,11,0,66.2,1.14146995544434,0,11,0
68.25,1.14146995544434,0,11,0,2016-04-12T13:02:00Z,66.25,1.14146995544434,0,11,0,66.2,1.14146995544434,0,11,0
73,2.69801998138428,1,26,18,2016-04-12T13:03:00Z,68.25,1.14146995544434,0,11,0,66.25,1.14146995544434,0,11,0
80.9090909090909,3.73571991920471,1,36,47,2016-04-12T13:04:00Z,73,2.69801998138428,1,26,18,68.25,1.14146995544434,0,11,0
75.5,3.52817988395691,1,34,35,2016-04-12T13:05:00Z,80.9090909090909,3.73571991920471,1,36,47,73,2.69801998138428,1,26,18
74.375,1.14146995544434,0,11,0,2016-04-12T13:06:00Z,75.5,3.52817988395691,1,34,35,80.9090909090909,3.73571991920471,1,36,47
74.2222222222222,2.90556001663208,1,28,21,2016-04-12T13:07:00Z,74.375,1.14146995544434,0,11,0,75.5,3.52817988395691,1,34,35
86.3333333333333,2.90556001663208,1,28,21,2016-04-12T13:08:00Z,74.2222222222222,2.90556001663208,1,28,21,74.375,1.14146995544434,0,11,0
95.3333333333333,3.73571991920471,1,36,23,2016-04-12T13:40:00Z,91,1.14146995544434,0,11,0,72.3333333333333,1.14146995544434,0,11,0
96.6666666666667,3.52817988395691,1,34,8,2016-04-12T13:41:00Z,95.3333333333333,3.73571991920471,1,36,23,91,1.14146995544434,0,11,0
98.2857142857143,1.55655002593994,0,15,0,2016-04-12T13:42:00Z,96.6666666666667,3.52817988395691,1,34,8,95.3333333333333,3.73571991920471,1,36,23
105.555555555556,3.94325995445251,1,38,14,2016-04-12T13:43:00Z,98.2857142857143,1.55655002593994,0,15,0,96.6666666666667,3.52817988395691,1,34,8
107.714285714286,5.18849992752075,1,50,49,2016-04-12T13:44:00Z,105.555555555556,3.94325995445251,1,38,14,98.2857142857143,1.55655002593994,0,15,0
96.2857142857143,4.77341985702515,1,46,19,2016-04-12T13:45:00Z,107.714285714286,5.18849992752075,1,50,49,105.555555555556,3.94325995445251,1,38,14
104.25,4.56587982177734,1,44,60,2016-04-12T13:46:00Z,96.2857142857143,4.77341985702515,1,46,19,107.714285714286,5.18849992752075,1,50,49
105.333333333333,5.39603996276855,1,52,69,2016-04-12T13:47:00Z,104.25,4.56587982177734,1,44,60,96.2857142857143,4.77341985702515,1,46,19
105.285714285714,5.18849992752075,1,50,50,2016-04-12T13:48:00Z,105.333333333333,5.39603996276855,1,52,69,104.25,4.56587982177734,1,44,60
105.142857142857,4.98095989227295,1,48,45,2016-04-12T13:49:00Z,105.285714285714,5.18849992752075,1,50,50,105.333333333333,5.39603996276855,1,52,69
109.857142857143,4.98095989227295,1,48,48,2016-04-12T13:50:00Z,105.142857142857,4.98095989227295,1,48,45,105.285714285714,5.18849992752075,1,50,50
86,4.66965007781982,1,45,0,2016-04-12T13:51:00Z,109.857142857143,4.98095989227295,1,48,48,105.142857142857,4.98095989227295,1,48,45
65.3333333333333,1.34900999069214,0,13,0,2016-04-12T13:52:00Z,86,4.66965007781982,1,45,0,109.857142857143,4.98095989227295,1,48,48
64.6,1.14146995544434,0,11,0,2016-04-12T13:53:00Z,65.3333333333333,1.34900999069214,0,13,0,86,4.66965007781982,1,45,0
62.8,1.03770005702972,0,10,0,2016-04-12T13:54:00Z,64.6,1.14146995544434,0,11,0,65.3333333333333,1.34900999069214,0,13,0
65.3333333333333,1.03770005702972,0,10,0,2016-04-12T13:55:00Z,62.8,1.03770005702972,0,10,0,64.6,1.14146995544434,0,11,0
64.1666666666667,1.14146995544434,0,11,0,2016-04-12T13:56:00Z,65.3333333333333,1.03770005702972,0,10,0,62.8,1.03770005702972,0,10,0
62.7142857142857,1.03770005702972,0,10,0,2016-04-12T13:57:00Z,64.1666666666667,1.14146995544434,0,11,0,65.3333333333333,1.03770005702972,0,10,0
62,1.14146995544434,0,11,0,2016-04-12T13:58:00Z,62.7142857142857,1.03770005702972,0,10,0,64.1666666666667,1.14146995544434,0,11,0
62.1428571428571,1.14146995544434,0,11,0,2016-04-12T13:59:00Z,62,1.14146995544434,0,11,0,62.7142857142857,1.03770005702972,0,10,0
64,1.03770005702972,0,10,0,2016-04-12T14:00:00Z,62.1428571428571,1.14146995544434,0,11,0,62,1.14146995544434,0,11,0
61.3333333333333,1.03770005702972,0,10,0,2016-04-12T14:01:00Z,64,1.03770005702972,0,10,0,62.1428571428571,1.14146995544434,0,11,0
61.4,1.03770005702972,0,10,0,2016-04-12T14:02:00Z,61.3333333333333,1.03770005702972,0,10,0,64,1.03770005702972,0,10,0
62.1666666666667,1.14146995544434,0,11,0,2016-04-12T14:03:00Z,61.4,1.03770005702972,0,10,0,61.3333333333333,1.03770005702972,0,10,0
64.5,1.14146995544434,0,11,0,2016-04-12T14:04:00Z,62.1666666666667,1.14146995544434,0,11,0,61.4,1.03770005702972,0,10,0
70.5454545454545,3.11310005187988,1,30,34,2016-04-12T14:05:00Z,64.5,1.14146995544434,0,11,0,62.1666666666667,1.14146995544434,0,11,0
75.7777777777778,3.11310005187988,1,30,24,2016-04-12T14:06:00Z,70.5454545454545,3.11310005187988,1,30,34,64.5,1.14146995544434,0,11,0
84.4444444444444,4.1508002281189,1,40,58,2016-04-12T14:07:00Z,75.7777777777778,3.11310005187988,1,30,24,70.5454545454545,3.11310005187988,1,30,34
88.4444444444444,3.52817988395691,1,34,30,2016-04-12T14:08:00Z,84.4444444444444,4.1508002281189,1,40,58,75.7777777777778,3.11310005187988,1,30,24
88.1428571428571,1.34900999069214,0,13,0,2016-04-12T14:09:00Z,88.4444444444444,3.52817988395691,1,34,30,84.4444444444444,4.1508002281189,1,40,58
89,3.73571991920471,1,36,39,2016-04-12T14:10:00Z,88.1428571428571,1.34900999069214,0,13,0,88.4444444444444,3.52817988395691,1,34,30
76.7272727272727,4.35833978652954,1,42,66,2016-04-12T14:11:00Z,89,3.73571991920471,1,36,39,88.1428571428571,1.34900999069214,0,13,0
79.6666666666667,3.94325995445251,1,38,53,2016-04-12T14:12:00Z,76.7272727272727,4.35833978652954,1,42,66,89,3.73571991920471,1,36,39
87.7142857142857,3.52817988395691,1,34,37,2016-04-12T14:13:00Z,79.6666666666667,3.94325995445251,1,38,53,76.7272727272727,4.35833978652954,1,42,66
83.6666666666667,3.94325995445251,1,38,47,2016-04-12T14:14:00Z,87.7142857142857,3.52817988395691,1,34,37,79.6666666666667,3.94325995445251,1,38,53
90.5,3.32064008712769,1,32,25,2016-04-12T14:15:00Z,83.6666666666667,3.94325995445251,1,38,47,87.7142857142857,3.52817988395691,1,34,37
88.9,4.35833978652954,1,42,57,2016-04-12T14:16:00Z,90.5,3.32064008712769,1,32,25,83.6666666666667,3.94325995445251,1,38,47
88.5555555555556,4.35833978652954,1,42,63,2016-04-12T14:17:00Z,88.9,4.35833978652954,1,42,57,90.5,3.32064008712769,1,32,25
81,4.1508002281189,1,40,52,2016-04-12T14:18:00Z,88.5555555555556,4.35833978652954,1,42,63,88.9,4.35833978652954,1,42,57
78,5.60357999801636,2,54,93,2016-04-12T14:19:00Z,81,4.1508002281189,1,40,52,88.5555555555556,4.35833978652954,1,42,63
89.25,6.43374013900757,3,62,106,2016-04-12T14:20:00Z,78,5.60357999801636,2,54,93,81,4.1508002281189,1,40,52
95,6.01866006851196,2,58,103,2016-04-12T14:21:00Z,89.25,6.43374013900757,3,62,106,78,5.60357999801636,2,54,93
101.222222222222,5.39603996276855,2,52,82,2016-04-12T14:22:00Z,95,6.01866006851196,2,58,103,89.25,6.43374013900757,3,62,106
104.888888888889,4.98095989227295,2,48,66,2016-04-12T14:23:00Z,101.222222222222,5.39603996276855,2,52,82,95,6.01866006851196,2,58,103
97.875,5.60357999801636,2,54,74,2016-04-12T14:24:00Z,104.888888888889,4.98095989227295,2,48,66,101.222222222222,5.39603996276855,2,52,82
89,5.39603996276855,2,52,80,2016-04-12T14:25:00Z,97.875,5.60357999801636,2,54,74,104.888888888889,4.98095989227295,2,48,66
85.3333333333333,6.01866006851196,2,58,100,2016-04-12T14:26:00Z,89,5.39603996276855,2,52,80,97.875,5.60357999801636,2,54,74
83.5714285714286,5.39603996276855,2,52,87,2016-04-12T14:27:00Z,85.3333333333333,6.01866006851196,2,58,100,89,5.39603996276855,2,52,80
82.4,6.01866006851196,2,58,101,2016-04-12T14:28:00Z,83.5714285714286,5.39603996276855,2,52,87,85.3333333333333,6.01866006851196,2,58,100
76.4285714285714,3.94325995445251,1,38,49,2016-04-12T14:29:00Z,82.4,6.01866006851196,2,58,101,83.5714285714286,5.39603996276855,2,52,87
76.3,2.69801998138428,1,26,9,2016-04-12T14:30:00Z,76.4285714285714,3.94325995445251,1,38,49,82.4,6.01866006851196,2,58,101
81.6666666666667,3.11310005187988,1,30,26,2016-04-12T14:31:00Z,76.3,2.69801998138428,1,26,9,76.4285714285714,3.94325995445251,1,38,49
88.3333333333333,3.11310005187988,1,30,20,2016-04-12T14:32:00Z,81.6666666666667,3.11310005187988,1,30,26,76.3,2.69801998138428,1,26,9
86.4285714285714,3.11310005187988,1,30,12,2016-04-12T14:33:00Z,88.3333333333333,3.11310005187988,1,30,20,81.6666666666667,3.11310005187988,1,30,26
86.3333333333333,4.1508002281189,1,40,59,2016-04-12T14:34:00Z,86.4285714285714,3.11310005187988,1,30,12,88.3333333333333,3.11310005187988,1,30,20
91.8,4.98095989227295,1,48,76,2016-04-12T14:35:00Z,86.3333333333333,4.1508002281189,1,40,59,86.4285714285714,3.11310005187988,1,30,12
94.5555555555556,5.60357999801636,1,54,89,2016-04-12T14:36:00Z,91.8,4.98095989227295,1,48,76,86.3333333333333,4.1508002281189,1,40,59
92.1111111111111,5.60357999801636,1,54,91,2016-04-12T14:37:00Z,94.5555555555556,5.60357999801636,1,54,89,91.8,4.98095989227295,1,48,76
87,4.98095989227295,1,48,72,2016-04-12T14:38:00Z,92.1111111111111,5.60357999801636,1,54,91,94.5555555555556,5.60357999801636,1,54,89
81,3.11310005187988,1,30,15,2016-04-12T14:39:00Z,87,4.98095989227295,1,48,72,92.1111111111111,5.60357999801636,1,54,91
74.625,2.90556001663208,1,28,11,2016-04-12T14:40:00Z,81,3.11310005187988,1,30,15,87,4.98095989227295,1,48,72
70.4,3.11310005187988,1,30,27,2016-04-12T14:41:00Z,74.625,2.90556001663208,1,28,11,81,3.11310005187988,1,30,15
79.0909090909091,2.69801998138428,1,26,10,2016-04-12T14:42:00Z,70.4,3.11310005187988,1,30,27,74.625,2.90556001663208,1,28,11
82.8571428571429,3.52817988395691,1,34,39,2016-04-12T14:43:00Z,79.0909090909091,2.69801998138428,1,26,10,70.4,3.11310005187988,1,30,27
69.4,2.90556001663208,1,28,14,2016-04-12T14:44:00Z,82.8571428571429,3.52817988395691,1,34,39,79.0909090909091,2.69801998138428,1,26,10
67.6,1.14146995544434,0,11,0,2016-04-12T14:45:00Z,69.4,2.90556001663208,1,28,14,82.8571428571429,3.52817988395691,1,34,39
66,1.14146995544434,0,11,0,2016-04-12T14:46:00Z,67.6,1.14146995544434,0,11,0,69.4,2.90556001663208,1,28,14
64,1.14146995544434,0,11,0,2016-04-12T14:47:00Z,66,1.14146995544434,0,11,0,67.6,1.14146995544434,0,11,0
63,1.14146995544434,0,11,0,2016-04-12T14:48:00Z,64,1.14146995544434,0,11,0,66,1.14146995544434,0,11,0
62.6666666666667,1.14146995544434,0,11,0,2016-04-12T14:49:00Z,63,1.14146995544434,0,11,0,64,1.14146995544434,0,11,0
66.3333333333333,1.14146995544434,0,11,0,2016-04-12T14:50:00Z,62.6666666666667,1.14146995544434,0,11,0,63,1.14146995544434,0,11,0
67.5,1.14146995544434,0,11,0,2016-04-12T14:51:00Z,66.3333333333333,1.14146995544434,0,11,0,62.6666666666667,1.14146995544434,0,11,0
62.1666666666667,2.49047994613647,1,24,7,2016-04-12T14:52:00Z,67.5,1.14146995544434,0,11,0,66.3333333333333,1.14146995544434,0,11,0
65.4,1.14146995544434,0,11,0,2016-04-12T14:53:00Z,62.1666666666667,2.49047994613647,1,24,7,67.5,1.14146995544434,0,11,0
64,1.14146995544434,0,11,0,2016-04-12T14:54:00Z,65.4,1.14146995544434,0,11,0,62.1666666666667,2.49047994613647,1,24,7
67.3333333333333,2.49047994613647,1,24,10,2016-04-12T14:55:00Z,64,1.14146995544434,0,11,0,65.4,1.14146995544434,0,11,0
77.375,3.32064008712769,1,32,34,2016-04-12T14:56:00Z,67.3333333333333,2.49047994613647,1,24,10,64,1.14146995544434,0,11,0
82.4285714285714,3.11310005187988,1,30,21,2016-04-12T14:57:00Z,77.375,3.32064008712769,1,32,34,67.3333333333333,2.49047994613647,1,24,10
83.5,1.34900999069214,0,13,0,2016-04-12T14:58:00Z,82.4285714285714,3.11310005187988,1,30,21,77.375,3.32064008712769,1,32,34
79.5,1.34900999069214,0,13,0,2016-04-12T14:59:00Z,83.5,1.34900999069214,0,13,0,82.4285714285714,3.11310005187988,1,30,21
63.8333333333333,1.34900999069214,0,13,0,2016-04-12T15:00:00Z,79.5,1.34900999069214,0,13,0,83.5,1.34900999069214,0,13,0
63,1.03770005702972,0,10,0,2016-04-12T15:01:00Z,63.8333333333333,1.34900999069214,0,13,0,79.5,1.34900999069214,0,13,0
62.6666666666667,1.14146995544434,0,11,0,2016-04-12T15:02:00Z,63,1.03770005702972,0,10,0,63.8333333333333,1.34900999069214,0,13,0
64.6666666666667,1.03770005702972,0,10,0,2016-04-12T15:03:00Z,62.6666666666667,1.14146995544434,0,11,0,63,1.03770005702972,0,10,0
64.1428571428571,1.03770005702972,0,10,0,2016-04-12T15:04:00Z,64.6666666666667,1.03770005702972,0,10,0,62.6666666666667,1.14146995544434,0,11,0
63.8333333333333,1.03770005702972,0,10,0,2016-04-12T15:05:00Z,64.1428571428571,1.03770005702972,0,10,0,64.6666666666667,1.03770005702972,0,10,0
66.5,1.14146995544434,0,11,0,2016-04-12T15:06:00Z,63.8333333333333,1.03770005702972,0,10,0,64.1428571428571,1.03770005702972,0,10,0
67.6,1.14146995544434,0,11,0,2016-04-12T15:07:00Z,66.5,1.14146995544434,0,11,0,63.8333333333333,1.03770005702972,0,10,0
67,1.03770005702972,0,10,0,2016-04-12T15:08:00Z,67.6,1.14146995544434,0,11,0,66.5,1.14146995544434,0,11,0
65.8333333333333,1.14146995544434,0,11,0,2016-04-12T15:09:00Z,67,1.03770005702972,0,10,0,67.6,1.14146995544434,0,11,0
63.6,1.03770005702972,0,10,0,2016-04-12T15:10:00Z,65.8333333333333,1.14146995544434,0,11,0,67,1.03770005702972,0,10,0
64.4,1.03770005702972,0,10,0,2016-04-12T15:11:00Z,63.6,1.03770005702972,0,10,0,65.8333333333333,1.14146995544434,0,11,0
66.2,1.03770005702972,0,10,0,2016-04-12T15:12:00Z,64.4,1.03770005702972,0,10,0,63.6,1.03770005702972,0,10,0
66,1.03770005702972,0,10,0,2016-04-12T15:13:00Z,66.2,1.03770005702972,0,10,0,64.4,1.03770005702972,0,10,0
64.6,1.14146995544434,0,11,0,2016-04-12T15:14:00Z,66,1.03770005702972,0,10,0,66.2,1.03770005702972,0,10,0
64.5,1.14146995544434,0,11,0,2016-04-12T15:15:00Z,64.6,1.14146995544434,0,11,0,66,1.03770005702972,0,10,0
67,1.14146995544434,0,11,0,2016-04-12T15:16:00Z,64.5,1.14146995544434,0,11,0,64.6,1.14146995544434,0,11,0
69.5714285714286,1.14146995544434,0,11,0,2016-04-12T15:17:00Z,67,1.14146995544434,0,11,0,64.5,1.14146995544434,0,11,0
65.2,1.14146995544434,0,11,0,2016-04-12T15:18:00Z,69.5714285714286,1.14146995544434,0,11,0,67,1.14146995544434,0,11,0
62.2,1.14146995544434,0,11,0,2016-04-12T15:19:00Z,65.2,1.14146995544434,0,11,0,69.5714285714286,1.14146995544434,0,11,0
70,1.14146995544434,0,11,0,2016-04-12T15:20:00Z,62.2,1.14146995544434,0,11,0,65.2,1.14146995544434,0,11,0
63.5,1.14146995544434,0,11,0,2016-04-12T15:21:00Z,70,1.14146995544434,0,11,0,62.2,1.14146995544434,0,11,0
62,1.14146995544434,0,11,0,2016-04-12T15:22:00Z,63.5,1.14146995544434,0,11,0,70,1.14146995544434,0,11,0
61.8333333333333,1.14146995544434,0,11,0,2016-04-12T15:23:00Z,62,1.14146995544434,0,11,0,63.5,1.14146995544434,0,11,0
59.75,1.14146995544434,0,11,0,2016-04-12T15:24:00Z,61.8333333333333,1.14146995544434,0,11,0,62,1.14146995544434,0,11,0
60,1.03770005702972,0,10,0,2016-04-12T15:25:00Z,59.75,1.14146995544434,0,11,0,61.8333333333333,1.14146995544434,0,11,0
61,1.03770005702972,0,10,0,2016-04-12T15:26:00Z,60,1.03770005702972,0,10,0,59.75,1.14146995544434,0,11,0
64,1.03770005702972,0,10,0,2016-04-12T15:27:00Z,61,1.03770005702972,0,10,0,60,1.03770005702972,0,10,0
63,1.14146995544434,0,11,0,2016-04-12T15:28:00Z,64,1.03770005702972,0,10,0,61,1.03770005702972,0,10,0
65.1428571428571,1.03770005702972,0,10,0,2016-04-12T15:29:00Z,63,1.14146995544434,0,11,0,64,1.03770005702972,0,10,0
67.2857142857143,1.14146995544434,0,11,0,2016-04-12T15:30:00Z,65.1428571428571,1.03770005702972,0,10,0,63,1.14146995544434,0,11,0
64.2,1.14146995544434,0,11,0,2016-04-12T15:31:00Z,67.2857142857143,1.14146995544434,0,11,0,65.1428571428571,1.03770005702972,0,10,0
65.5,1.03770005702972,0,10,0,2016-04-12T15:32:00Z,64.2,1.14146995544434,0,11,0,67.2857142857143,1.14146995544434,0,11,0
65.2,1.14146995544434,0,11,0,2016-04-12T15:33:00Z,65.5,1.03770005702972,0,10,0,64.2,1.14146995544434,0,11,0
66.7142857142857,1.14146995544434,0,11,0,2016-04-12T15:34:00Z,65.2,1.14146995544434,0,11,0,65.5,1.03770005702972,0,10,0
61.75,1.14146995544434,0,11,0,2016-04-12T15:35:00Z,66.7142857142857,1.14146995544434,0,11,0,65.2,1.14146995544434,0,11,0
59.4,1.14146995544434,0,11,0,2016-04-12T15:36:00Z,61.75,1.14146995544434,0,11,0,66.7142857142857,1.14146995544434,0,11,0
61,1.14146995544434,0,11,0,2016-04-12T15:37:00Z,59.4,1.14146995544434,0,11,0,61.75,1.14146995544434,0,11,0
62.8571428571429,1.14146995544434,0,11,0,2016-04-12T15:38:00Z,61,1.14146995544434,0,11,0,59.4,1.14146995544434,0,11,0
60.5,1.14146995544434,0,11,0,2016-04-12T15:39:00Z,62.8571428571429,1.14146995544434,0,11,0,61,1.14146995544434,0,11,0
62.1666666666667,1.14146995544434,0,11,0,2016-04-12T15:40:00Z,60.5,1.14146995544434,0,11,0,62.8571428571429,1.14146995544434,0,11,0
62,2.28293991088867,1,22,6,2016-04-12T15:41:00Z,62.1666666666667,1.14146995544434,0,11,0,60.5,1.14146995544434,0,11,0
60.6,1.14146995544434,0,11,0,2016-04-12T15:42:00Z,62,2.28293991088867,1,22,6,62.1666666666667,1.14146995544434,0,11,0
61.6,1.14146995544434,0,11,0,2016-04-12T15:43:00Z,60.6,1.14146995544434,0,11,0,62,2.28293991088867,1,22,6
62,1.03770005702972,0,10,0,2016-04-12T15:44:00Z,61.6,1.14146995544434,0,11,0,60.6,1.14146995544434,0,11,0
62,1.03770005702972,0,10,0,2016-04-12T15:45:00Z,62,1.03770005702972,0,10,0,61.6,1.14146995544434,0,11,0
61.8333333333333,1.03770005702972,0,10,0,2016-04-12T15:46:00Z,62,1.03770005702972,0,10,0,62,1.03770005702972,0,10,0
63,1.03770005702972,0,10,0,2016-04-12T15:47:00Z,61.8333333333333,1.03770005702972,0,10,0,62,1.03770005702972,0,10,0
71,2.28293991088867,1,22,6,2016-04-12T15:48:00Z,63,1.03770005702972,0,10,0,61.8333333333333,1.03770005702972,0,10,0
87.5555555555556,3.52817988395691,1,34,45,2016-04-12T15:49:00Z,71,2.28293991088867,1,22,6,63,1.03770005702972,0,10,0
106,4.77341985702515,1,46,74,2016-04-12T15:50:00Z,87.5555555555556,3.52817988395691,1,34,45,71,2.28293991088867,1,22,6
108.8,5.60357999801636,1,54,69,2016-04-12T15:51:00Z,106,4.77341985702515,1,46,74,87.5555555555556,3.52817988395691,1,34,45
88.5,5.60357999801636,1,54,60,2016-04-12T15:52:00Z,108.8,5.60357999801636,1,54,69,106,4.77341985702515,1,46,74
64.625,3.73571991920471,1,36,20,2016-04-12T15:53:00Z,88.5,5.60357999801636,1,54,60,108.8,5.60357999801636,1,54,69
69.75,1.14146995544434,0,11,0,2016-04-12T15:54:00Z,64.625,3.73571991920471,1,36,20,88.5,5.60357999801636,1,54,60
76,3.52817988395691,1,34,43,2016-04-12T15:55:00Z,69.75,1.14146995544434,0,11,0,64.625,3.73571991920471,1,36,20
77.3333333333333,2.49047994613647,1,24,4,2016-04-12T15:56:00Z,76,3.52817988395691,1,34,43,69.75,1.14146995544434,0,11,0
79.4,1.14146995544434,0,11,0,2016-04-12T15:57:00Z,77.3333333333333,2.49047994613647,1,24,4,76,3.52817988395691,1,34,43
75.7777777777778,1.34900999069214,0,13,0,2016-04-12T15:58:00Z,79.4,1.14146995544434,0,11,0,77.3333333333333,2.49047994613647,1,24,4
72.8888888888889,1.14146995544434,0,11,0,2016-04-12T15:59:00Z,75.7777777777778,1.34900999069214,0,13,0,79.4,1.14146995544434,0,11,0
70,1.14146995544434,0,11,0,2016-04-12T16:00:00Z,72.8888888888889,1.14146995544434,0,11,0,75.7777777777778,1.34900999069214,0,13,0
69.6,1.14146995544434,0,11,0,2016-04-12T16:01:00Z,70,1.14146995544434,0,11,0,72.8888888888889,1.14146995544434,0,11,0
74.3333333333333,2.69801998138428,1,26,10,2016-04-12T16:02:00Z,69.6,1.14146995544434,0,11,0,70,1.14146995544434,0,11,0
81.2222222222222,2.49047994613647,1,24,6,2016-04-12T16:03:00Z,74.3333333333333,2.69801998138428,1,26,10,69.6,1.14146995544434,0,11,0
90.3333333333333,3.73571991920471,1,36,50,2016-04-12T16:04:00Z,81.2222222222222,2.49047994613647,1,24,6,74.3333333333333,2.69801998138428,1,26,10
94.4285714285714,3.32064008712769,1,32,7,2016-04-12T16:05:00Z,90.3333333333333,3.73571991920471,1,36,50,81.2222222222222,2.49047994613647,1,24,6
98.7142857142857,4.35833978652954,1,42,53,2016-04-12T16:06:00Z,94.4285714285714,3.32064008712769,1,32,7,90.3333333333333,3.73571991920471,1,36,50
103,4.35833978652954,1,42,39,2016-04-12T16:07:00Z,98.7142857142857,4.35833978652954,1,42,53,94.4285714285714,3.32064008712769,1,32,7
92.4444444444444,4.35833978652954,1,42,15,2016-04-12T16:08:00Z,103,4.35833978652954,1,42,39,98.7142857142857,4.35833978652954,1,42,53
78.7,1.34900999069214,0,13,0,2016-04-12T16:09:00Z,92.4444444444444,4.35833978652954,1,42,15,103,4.35833978652954,1,42,39
67.6666666666667,1.34900999069214,0,13,0,2016-04-12T16:10:00Z,78.7,1.34900999069214,0,13,0,92.4444444444444,4.35833978652954,1,42,15
70.4,1.14146995544434,0,11,0,2016-04-12T16:11:00Z,67.6666666666667,1.34900999069214,0,13,0,78.7,1.34900999069214,0,13,0
74.1428571428571,2.49047994613647,1,24,9,2016-04-12T16:12:00Z,70.4,1.14146995544434,0,11,0,67.6666666666667,1.34900999069214,0,13,0
86.5,1.14146995544434,0,11,0,2016-04-12T16:13:00Z,74.1428571428571,2.49047994613647,1,24,9,70.4,1.14146995544434,0,11,0
73.375,4.35833978652954,1,42,63,2016-04-12T16:14:00Z,86.5,1.14146995544434,0,11,0,74.1428571428571,2.49047994613647,1,24,9
69.125,1.14146995544434,0,11,0,2016-04-12T16:15:00Z,73.375,4.35833978652954,1,42,63,86.5,1.14146995544434,0,11,0
91.1818181818182,3.52817988395691,1,34,43,2016-04-12T16:16:00Z,69.125,1.14146995544434,0,11,0,73.375,4.35833978652954,1,42,63
103.7,4.35833978652954,1,42,56,2016-04-12T16:17:00Z,91.1818181818182,3.52817988395691,1,34,43,69.125,1.14146995544434,0,11,0
93.9166666666667,5.60357999801636,1,54,75,2016-04-12T16:18:00Z,103.7,4.35833978652954,1,42,56,91.1818181818182,3.52817988395691,1,34,43
88.6666666666667,3.94325995445251,1,38,26,2016-04-12T16:19:00Z,93.9166666666667,5.60357999801636,1,54,75,103.7,4.35833978652954,1,42,56
75.625,3.73571991920471,1,36,37,2016-04-12T16:20:00Z,88.6666666666667,3.94325995445251,1,38,26,93.9166666666667,5.60357999801636,1,54,75
64.8571428571429,2.90556001663208,1,28,21,2016-04-12T16:21:00Z,75.625,3.73571991920471,1,36,37,88.6666666666667,3.94325995445251,1,38,26
64.5,1.14146995544434,0,11,0,2016-04-12T16:22:00Z,64.8571428571429,2.90556001663208,1,28,21,75.625,3.73571991920471,1,36,37
65.1666666666667,1.14146995544434,0,11,0,2016-04-12T16:23:00Z,64.5,1.14146995544434,0,11,0,64.8571428571429,2.90556001663208,1,28,21
64.8333333333333,1.14146995544434,0,11,0,2016-04-12T16:24:00Z,65.1666666666667,1.14146995544434,0,11,0,64.5,1.14146995544434,0,11,0
62.8333333333333,1.14146995544434,0,11,0,2016-04-12T16:25:00Z,64.8333333333333,1.14146995544434,0,11,0,65.1666666666667,1.14146995544434,0,11,0
59.75,1.03770005702972,0,10,0,2016-04-12T16:26:00Z,62.8333333333333,1.14146995544434,0,11,0,64.8333333333333,1.14146995544434,0,11,0
56.75,1.03770005702972,0,10,0,2016-04-12T16:27:00Z,59.75,1.03770005702972,0,10,0,62.8333333333333,1.14146995544434,0,11,0
55.6,1.03770005702972,0,10,0,2016-04-12T16:28:00Z,56.75,1.03770005702972,0,10,0,59.75,1.03770005702972,0,10,0
56.7142857142857,1.03770005702972,0,10,0,2016-04-12T16:29:00Z,55.6,1.03770005702972,0,10,0,56.75,1.03770005702972,0,10,0
61.3333333333333,1.14146995544434,0,11,0,2016-04-12T16:30:00Z,56.7142857142857,1.03770005702972,0,10,0,55.6,1.03770005702972,0,10,0
66.7,2.28293991088867,1,22,6,2016-04-12T16:31:00Z,61.3333333333333,1.14146995544434,0,11,0,56.7142857142857,1.03770005702972,0,10,0
67.2857142857143,2.49047994613647,1,24,5,2016-04-12T16:32:00Z,66.7,2.28293991088867,1,22,6,61.3333333333333,1.14146995544434,0,11,0
59.1666666666667,1.14146995544434,0,11,0,2016-04-12T16:33:00Z,67.2857142857143,2.49047994613647,1,24,5,66.7,2.28293991088867,1,22,6
61.4,1.14146995544434,0,11,0,2016-04-12T16:34:00Z,59.1666666666667,1.14146995544434,0,11,0,67.2857142857143,2.49047994613647,1,24,5
64.3333333333333,1.14146995544434,0,11,0,2016-04-12T16:35:00Z,61.4,1.14146995544434,0,11,0,59.1666666666667,1.14146995544434,0,11,0
66.3333333333333,2.49047994613647,1,24,8,2016-04-12T16:36:00Z,64.3333333333333,1.14146995544434,0,11,0,61.4,1.14146995544434,0,11,0
64.5,1.14146995544434,0,11,0,2016-04-12T16:37:00Z,66.3333333333333,2.49047994613647,1,24,8,64.3333333333333,1.14146995544434,0,11,0
58.75,1.14146995544434,0,11,0,2016-04-12T16:38:00Z,64.5,1.14146995544434,0,11,0,66.3333333333333,2.49047994613647,1,24,8
57,1.03770005702972,0,10,0,2016-04-12T16:39:00Z,58.75,1.14146995544434,0,11,0,64.5,1.14146995544434,0,11,0
58.25,1.03770005702972,0,10,0,2016-04-12T16:40:00Z,57,1.03770005702972,0,10,0,58.75,1.14146995544434,0,11,0
63.8571428571429,1.14146995544434,0,11,0,2016-04-12T16:41:00Z,58.25,1.03770005702972,0,10,0,57,1.03770005702972,0,10,0
67.8,1.14146995544434,0,11,0,2016-04-12T16:42:00Z,63.8571428571429,1.14146995544434,0,11,0,58.25,1.03770005702972,0,10,0
69.2,1.14146995544434,0,11,0,2016-04-12T16:43:00Z,67.8,1.14146995544434,0,11,0,63.8571428571429,1.14146995544434,0,11,0
64.7142857142857,2.69801998138428,1,26,10,2016-04-12T16:44:00Z,69.2,1.14146995544434,0,11,0,67.8,1.14146995544434,0,11,0
59.4285714285714,1.14146995544434,0,11,0,2016-04-12T16:45:00Z,64.7142857142857,2.69801998138428,1,26,10,69.2,1.14146995544434,0,11,0
62,1.14146995544434,0,11,0,2016-04-12T16:46:00Z,59.4285714285714,1.14146995544434,0,11,0,64.7142857142857,2.69801998138428,1,26,10
60.6666666666667,1.14146995544434,0,11,0,2016-04-12T16:47:00Z,62,1.14146995544434,0,11,0,59.4285714285714,1.14146995544434,0,11,0
63.2222222222222,1.14146995544434,0,11,0,2016-04-12T16:48:00Z,60.6666666666667,1.14146995544434,0,11,0,62,1.14146995544434,0,11,0
62.2857142857143,1.14146995544434,0,11,0,2016-04-12T16:49:00Z,63.2222222222222,1.14146995544434,0,11,0,60.6666666666667,1.14146995544434,0,11,0
56.1666666666667,1.14146995544434,0,11,0,2016-04-12T16:50:00Z,62.2857142857143,1.14146995544434,0,11,0,63.2222222222222,1.14146995544434,0,11,0
60.6,1.14146995544434,0,11,0,2016-04-12T16:51:00Z,56.1666666666667,1.14146995544434,0,11,0,62.2857142857143,1.14146995544434,0,11,0
57.1666666666667,1.03770005702972,0,10,0,2016-04-12T16:52:00Z,60.6,1.14146995544434,0,11,0,56.1666666666667,1.14146995544434,0,11,0
59,1.03770005702972,0,10,0,2016-04-12T16:53:00Z,57.1666666666667,1.03770005702972,0,10,0,60.6,1.14146995544434,0,11,0
61.1666666666667,1.14146995544434,0,11,0,2016-04-12T16:54:00Z,59,1.03770005702972,0,10,0,57.1666666666667,1.03770005702972,0,10,0
58,1.03770005702972,0,10,0,2016-04-12T16:55:00Z,61.1666666666667,1.14146995544434,0,11,0,59,1.03770005702972,0,10,0
64.4285714285714,1.03770005702972,0,10,0,2016-04-12T16:56:00Z,58,1.03770005702972,0,10,0,61.1666666666667,1.14146995544434,0,11,0
63.75,1.14146995544434,0,11,0,2016-04-12T16:57:00Z,64.4285714285714,1.03770005702972,0,10,0,58,1.03770005702972,0,10,0
63,1.03770005702972,0,10,0,2016-04-12T16:58:00Z,63.75,1.14146995544434,0,11,0,64.4285714285714,1.03770005702972,0,10,0
58,1.14146995544434,0,11,0,2016-04-12T16:59:00Z,63,1.03770005702972,0,10,0,63.75,1.14146995544434,0,11,0
61.1666666666667,1.14146995544434,0,11,0,2016-04-12T17:00:00Z,58,1.14146995544434,0,11,0,63,1.03770005702972,0,10,0
64.2,1.14146995544434,0,11,0,2016-04-12T17:01:00Z,61.1666666666667,1.14146995544434,0,11,0,58,1.14146995544434,0,11,0
63.6666666666667,1.03770005702972,0,10,0,2016-04-12T17:02:00Z,64.2,1.14146995544434,0,11,0,61.1666666666667,1.14146995544434,0,11,0
62,1.14146995544434,0,11,0,2016-04-12T17:03:00Z,63.6666666666667,1.03770005702972,0,10,0,64.2,1.14146995544434,0,11,0
58.3333333333333,1.03770005702972,0,10,0,2016-04-12T17:04:00Z,62,1.14146995544434,0,11,0,63.6666666666667,1.03770005702972,0,10,0
57.3333333333333,1.03770005702972,0,10,0,2016-04-12T17:05:00Z,58.3333333333333,1.03770005702972,0,10,0,62,1.14146995544434,0,11,0
58.7142857142857,1.03770005702972,0,10,0,2016-04-12T17:06:00Z,57.3333333333333,1.03770005702972,0,10,0,58.3333333333333,1.03770005702972,0,10,0
58,1.14146995544434,0,11,0,2016-04-12T17:07:00Z,58.7142857142857,1.03770005702972,0,10,0,57.3333333333333,1.03770005702972,0,10,0
63.3333333333333,1.14146995544434,0,11,0,2016-04-12T17:08:00Z,58,1.14146995544434,0,11,0,58.7142857142857,1.03770005702972,0,10,0
70.75,1.14146995544434,0,11,0,2016-04-12T17:09:00Z,63.3333333333333,1.14146995544434,0,11,0,58,1.14146995544434,0,11,0
69.5,2.49047994613647,1,24,6,2016-04-12T17:10:00Z,70.75,1.14146995544434,0,11,0,63.3333333333333,1.14146995544434,0,11,0
63,1.14146995544434,0,11,0,2016-04-12T17:11:00Z,69.5,2.49047994613647,1,24,6,70.75,1.14146995544434,0,11,0
61.25,1.14146995544434,0,11,0,2016-04-12T17:12:00Z,63,1.14146995544434,0,11,0,69.5,2.49047994613647,1,24,6
66.3333333333333,1.14146995544434,0,11,0,2016-04-12T17:13:00Z,61.25,1.14146995544434,0,11,0,63,1.14146995544434,0,11,0
65.2857142857143,1.14146995544434,0,11,0,2016-04-12T17:14:00Z,66.3333333333333,1.14146995544434,0,11,0,61.25,1.14146995544434,0,11,0
64.2,2.49047994613647,1,24,8,2016-04-12T17:15:00Z,65.2857142857143,1.14146995544434,0,11,0,66.3333333333333,1.14146995544434,0,11,0
71.2222222222222,2.28293991088867,1,22,6,2016-04-12T17:16:00Z,64.2,2.49047994613647,1,24,8,65.2857142857143,1.14146995544434,0,11,0
68.2222222222222,1.14146995544434,0,11,0,2016-04-12T17:17:00Z,71.2222222222222,2.28293991088867,1,22,6,64.2,2.49047994613647,1,24,8
66.3333333333333,1.14146995544434,0,11,0,2016-04-12T17:18:00Z,68.2222222222222,1.14146995544434,0,11,0,71.2222222222222,2.28293991088867,1,22,6
66.6666666666667,1.14146995544434,0,11,0,2016-04-12T17:19:00Z,66.3333333333333,1.14146995544434,0,11,0,68.2222222222222,1.14146995544434,0,11,0
60,2.49047994613647,1,24,7,2016-04-12T17:20:00Z,66.6666666666667,1.14146995544434,0,11,0,66.3333333333333,1.14146995544434,0,11,0
58.6,1.14146995544434,0,11,0,2016-04-12T17:21:00Z,60,2.49047994613647,1,24,7,66.6666666666667,1.14146995544434,0,11,0
60.5,1.14146995544434,0,11,0,2016-04-12T17:22:00Z,58.6,1.14146995544434,0,11,0,60,2.49047994613647,1,24,7
62.4285714285714,1.03770005702972,0,10,0,2016-04-12T17:23:00Z,60.5,1.14146995544434,0,11,0,58.6,1.14146995544434,0,11,0
64.8333333333333,1.14146995544434,0,11,0,2016-04-12T17:24:00Z,62.4285714285714,1.03770005702972,0,10,0,60.5,1.14146995544434,0,11,0
60.8333333333333,1.03770005702972,0,10,0,2016-04-12T17:25:00Z,64.8333333333333,1.14146995544434,0,11,0,62.4285714285714,1.03770005702972,0,10,0
58.4,1.14146995544434,0,11,0,2016-04-12T17:26:00Z,60.8333333333333,1.03770005702972,0,10,0,64.8333333333333,1.14146995544434,0,11,0
59.3333333333333,1.14146995544434,0,11,0,2016-04-12T17:27:00Z,58.4,1.14146995544434,0,11,0,60.8333333333333,1.03770005702972,0,10,0
71.2222222222222,3.11310005187988,1,30,30,2016-04-12T17:28:00Z,59.3333333333333,1.14146995544434,0,11,0,58.4,1.14146995544434,0,11,0
78.8333333333333,3.32064008712769,1,32,36,2016-04-12T17:29:00Z,71.2222222222222,3.11310005187988,1,30,30,59.3333333333333,1.14146995544434,0,11,0
81.125,1.34900999069214,0,13,0,2016-04-12T17:30:00Z,78.8333333333333,3.32064008712769,1,32,36,71.2222222222222,3.11310005187988,1,30,30
89.0909090909091,3.73571991920471,1,36,42,2016-04-12T17:31:00Z,81.125,1.34900999069214,0,13,0,78.8333333333333,3.32064008712769,1,32,36
84.8888888888889,3.73571991920471,1,36,38,2016-04-12T17:32:00Z,89.0909090909091,3.73571991920471,1,36,42,81.125,1.34900999069214,0,13,0
88.9,3.94325995445251,1,38,50,2016-04-12T17:33:00Z,84.8888888888889,3.73571991920471,1,36,38,89.0909090909091,3.73571991920471,1,36,42
90.1,4.1508002281189,1,40,54,2016-04-12T17:34:00Z,88.9,3.94325995445251,1,38,50,84.8888888888889,3.73571991920471,1,36,38
75.7777777777778,3.32064008712769,1,32,14,2016-04-12T17:35:00Z,90.1,4.1508002281189,1,40,54,88.9,3.94325995445251,1,38,50
63.6,1.34900999069214,0,13,0,2016-04-12T17:36:00Z,75.7777777777778,3.32064008712769,1,32,14,90.1,4.1508002281189,1,40,54
72.2,2.69801998138428,1,26,13,2016-04-12T17:37:00Z,63.6,1.34900999069214,0,13,0,75.7777777777778,3.32064008712769,1,32,14
67.5,2.69801998138428,1,26,11,2016-04-12T17:38:00Z,72.2,2.69801998138428,1,26,13,63.6,1.34900999069214,0,13,0
62,2.69801998138428,1,26,15,2016-04-12T17:39:00Z,67.5,2.69801998138428,1,26,11,72.2,2.69801998138428,1,26,13
59.8571428571429,1.14146995544434,0,11,0,2016-04-12T17:40:00Z,62,2.69801998138428,1,26,15,67.5,2.69801998138428,1,26,11
61.5,1.14146995544434,0,11,0,2016-04-12T17:41:00Z,59.8571428571429,1.14146995544434,0,11,0,62,2.69801998138428,1,26,15
59.4,1.14146995544434,0,11,0,2016-04-12T17:42:00Z,61.5,1.14146995544434,0,11,0,59.8571428571429,1.14146995544434,0,11,0
59,1.14146995544434,0,11,0,2016-04-12T17:43:00Z,59.4,1.14146995544434,0,11,0,61.5,1.14146995544434,0,11,0
60.3333333333333,1.14146995544434,0,11,0,2016-04-12T17:44:00Z,59,1.14146995544434,0,11,0,59.4,1.14146995544434,0,11,0
61.5714285714286,1.14146995544434,0,11,0,2016-04-12T17:45:00Z,60.3333333333333,1.14146995544434,0,11,0,59,1.14146995544434,0,11,0
63,1.14146995544434,0,11,0,2016-04-12T17:46:00Z,61.5714285714286,1.14146995544434,0,11,0,60.3333333333333,1.14146995544434,0,11,0
67.2857142857143,1.14146995544434,0,11,0,2016-04-12T17:47:00Z,63,1.14146995544434,0,11,0,61.5714285714286,1.14146995544434,0,11,0
72.75,1.14146995544434,0,11,0,2016-04-12T17:48:00Z,67.2857142857143,1.14146995544434,0,11,0,63,1.14146995544434,0,11,0
80.5714285714286,3.11310005187988,1,30,25,2016-04-12T17:49:00Z,72.75,1.14146995544434,0,11,0,67.2857142857143,1.14146995544434,0,11,0
87.3333333333333,3.11310005187988,1,30,21,2016-04-12T17:50:00Z,80.5714285714286,3.11310005187988,1,30,25,72.75,1.14146995544434,0,11,0
85.8333333333333,2.69801998138428,1,26,4,2016-04-12T17:51:00Z,87.3333333333333,3.11310005187988,1,30,21,80.5714285714286,3.11310005187988,1,30,25
84.75,3.32064008712769,1,32,21,2016-04-12T17:52:00Z,85.8333333333333,2.69801998138428,1,26,4,87.3333333333333,3.11310005187988,1,30,21
84.5714285714286,3.11310005187988,1,30,20,2016-04-12T17:53:00Z,84.75,3.32064008712769,1,32,21,85.8333333333333,2.69801998138428,1,26,4
81.4,1.34900999069214,0,13,0,2016-04-12T17:54:00Z,84.5714285714286,3.11310005187988,1,30,20,84.75,3.32064008712769,1,32,21
84.75,2.90556001663208,1,28,14,2016-04-12T17:55:00Z,81.4,1.34900999069214,0,13,0,84.5714285714286,3.11310005187988,1,30,20
77.4285714285714,3.73571991920471,1,36,39,2016-04-12T17:56:00Z,84.75,2.90556001663208,1,28,14,81.4,1.34900999069214,0,13,0
75.625,2.69801998138428,1,26,12,2016-04-12T17:57:00Z,77.4285714285714,3.73571991920471,1,36,39,84.75,2.90556001663208,1,28,14
71,2.69801998138428,1,26,7,2016-04-12T17:58:00Z,75.625,2.69801998138428,1,26,12,77.4285714285714,3.73571991920471,1,36,39
74.2857142857143,2.69801998138428,1,26,16,2016-04-12T17:59:00Z,71,2.69801998138428,1,26,7,75.625,2.69801998138428,1,26,12
77.25,2.49047994613647,1,24,4,2016-04-12T18:00:00Z,74.2857142857143,2.69801998138428,1,26,16,71,2.69801998138428,1,26,7
80.5,2.69801998138428,1,26,9,2016-04-12T18:01:00Z,77.25,2.49047994613647,1,24,4,74.2857142857143,2.69801998138428,1,26,16
82,2.69801998138428,1,26,6,2016-04-12T18:02:00Z,80.5,2.69801998138428,1,26,9,77.25,2.49047994613647,1,24,4
77.1666666666667,3.73571991920471,1,36,44,2016-04-12T18:03:00Z,82,2.69801998138428,1,26,6,80.5,2.69801998138428,1,26,9
75.8,2.69801998138428,1,26,7,2016-04-12T18:04:00Z,77.1666666666667,3.73571991920471,1,36,44,82,2.69801998138428,1,26,6
81,2.69801998138428,1,26,9,2016-04-12T18:05:00Z,75.8,2.69801998138428,1,26,7,77.1666666666667,3.73571991920471,1,36,44
73.1,3.11310005187988,1,30,22,2016-04-12T18:06:00Z,81,2.69801998138428,1,26,9,75.8,2.69801998138428,1,26,7
64,1.03770005702972,0,10,0,2016-04-12T18:07:00Z,73.1,3.11310005187988,1,30,22,81,2.69801998138428,1,26,9
63.5,1.03770005702972,0,10,0,2016-04-12T18:08:00Z,64,1.03770005702972,0,10,0,73.1,3.11310005187988,1,30,22
62.6,1.14146995544434,0,11,0,2016-04-12T18:09:00Z,63.5,1.03770005702972,0,10,0,64,1.03770005702972,0,10,0
62.6666666666667,1.03770005702972,0,10,0,2016-04-12T18:10:00Z,62.6,1.14146995544434,0,11,0,63.5,1.03770005702972,0,10,0
60.8,1.03770005702972,0,10,0,2016-04-12T18:11:00Z,62.6666666666667,1.03770005702972,0,10,0,62.6,1.14146995544434,0,11,0
59.4,1.03770005702972,0,10,0,2016-04-12T18:12:00Z,60.8,1.03770005702972,0,10,0,62.6666666666667,1.03770005702972,0,10,0
62.5,1.03770005702972,0,10,0,2016-04-12T18:13:00Z,59.4,1.03770005702972,0,10,0,60.8,1.03770005702972,0,10,0
73.6,1.14146995544434,0,11,0,2016-04-12T18:14:00Z,62.5,1.03770005702972,0,10,0,59.4,1.03770005702972,0,10,0
73.4,1.14146995544434,0,11,0,2016-04-12T18:15:00Z,73.6,1.14146995544434,0,11,0,62.5,1.03770005702972,0,10,0
73.6,1.14146995544434,0,11,0,2016-04-12T18:16:00Z,73.4,1.14146995544434,0,11,0,73.6,1.14146995544434,0,11,0
76.4,1.14146995544434,0,11,0,2016-04-12T18:17:00Z,73.6,1.14146995544434,0,11,0,73.4,1.14146995544434,0,11,0
74.5,2.90556001663208,1,28,13,2016-04-12T18:18:00Z,76.4,1.14146995544434,0,11,0,73.6,1.14146995544434,0,11,0
71.25,1.14146995544434,0,11,0,2016-04-12T18:19:00Z,74.5,2.90556001663208,1,28,13,76.4,1.14146995544434,0,11,0
72.8,1.03770005702972,0,10,0,2016-04-12T18:20:00Z,71.25,1.14146995544434,0,11,0,74.5,2.90556001663208,1,28,13
72.5,1.14146995544434,0,11,0,2016-04-12T18:21:00Z,72.8,1.03770005702972,0,10,0,71.25,1.14146995544434,0,11,0
72.6666666666667,1.14146995544434,0,11,0,2016-04-12T18:22:00Z,72.5,1.14146995544434,0,11,0,72.8,1.03770005702972,0,10,0
72.6666666666667,1.14146995544434,0,11,0,2016-04-12T18:23:00Z,72.6666666666667,1.14146995544434,0,11,0,72.5,1.14146995544434,0,11,0
73.7142857142857,2.49047994613647,1,24,7,2016-04-12T18:24:00Z,72.6666666666667,1.14146995544434,0,11,0,72.6666666666667,1.14146995544434,0,11,0
72,1.14146995544434,0,11,0,2016-04-12T18:25:00Z,73.7142857142857,2.49047994613647,1,24,7,72.6666666666667,1.14146995544434,0,11,0
72,1.03770005702972,0,10,0,2016-04-12T18:26:00Z,72,1.14146995544434,0,11,0,73.7142857142857,2.49047994613647,1,24,7
74.5,1.14146995544434,0,11,0,2016-04-12T18:27:00Z,72,1.03770005702972,0,10,0,72,1.14146995544434,0,11,0
73.3333333333333,1.14146995544434,0,11,0,2016-04-12T18:28:00Z,74.5,1.14146995544434,0,11,0,72,1.03770005702972,0,10,0
72.8333333333333,1.14146995544434,0,11,0,2016-04-12T18:29:00Z,73.3333333333333,1.14146995544434,0,11,0,74.5,1.14146995544434,0,11,0
75.8,1.14146995544434,0,11,0,2016-04-12T18:30:00Z,72.8333333333333,1.14146995544434,0,11,0,73.3333333333333,1.14146995544434,0,11,0
79,2.49047994613647,1,24,5,2016-04-12T18:31:00Z,75.8,1.14146995544434,0,11,0,72.8333333333333,1.14146995544434,0,11,0
77,1.34900999069214,0,13,0,2016-04-12T18:32:00Z,79,2.49047994613647,1,24,5,75.8,1.14146995544434,0,11,0
80.1666666666667,1.34900999069214,0,13,0,2016-04-12T18:33:00Z,77,1.34900999069214,0,13,0,79,2.49047994613647,1,24,5
82.75,1.34900999069214,0,13,0,2016-04-12T18:34:00Z,80.1666666666667,1.34900999069214,0,13,0,77,1.34900999069214,0,13,0
81,1.34900999069214,0,13,0,2016-04-12T18:35:00Z,82.75,1.34900999069214,0,13,0,80.1666666666667,1.34900999069214,0,13,0
81,1.34900999069214,0,13,0,2016-04-12T18:36:00Z,81,1.34900999069214,0,13,0,82.75,1.34900999069214,0,13,0
81.2857142857143,1.34900999069214,0,13,0,2016-04-12T18:37:00Z,81,1.34900999069214,0,13,0,81,1.34900999069214,0,13,0
82.75,1.34900999069214,0,13,0,2016-04-12T18:38:00Z,81.2857142857143,1.34900999069214,0,13,0,81,1.34900999069214,0,13,0
84.7142857142857,2.90556001663208,1,28,10,2016-04-12T18:39:00Z,82.75,1.34900999069214,0,13,0,81.2857142857143,1.34900999069214,0,13,0
83.1666666666667,1.34900999069214,0,13,0,2016-04-12T18:40:00Z,84.7142857142857,2.90556001663208,1,28,10,82.75,1.34900999069214,0,13,0
83.1666666666667,1.34900999069214,0,13,0,2016-04-12T18:41:00Z,83.1666666666667,1.34900999069214,0,13,0,84.7142857142857,2.90556001663208,1,28,10
84.5,2.69801998138428,1,26,5,2016-04-12T18:42:00Z,83.1666666666667,1.34900999069214,0,13,0,83.1666666666667,1.34900999069214,0,13,0
88.1428571428571,3.11310005187988,1,30,14,2016-04-12T18:43:00Z,84.5,2.69801998138428,1,26,5,83.1666666666667,1.34900999069214,0,13,0
88.2,1.34900999069214,0,13,0,2016-04-12T18:44:00Z,88.1428571428571,3.11310005187988,1,30,14,84.5,2.69801998138428,1,26,5
91.6666666666667,1.34900999069214,0,13,0,2016-04-12T18:45:00Z,88.2,1.34900999069214,0,13,0,88.1428571428571,3.11310005187988,1,30,14
90.7777777777778,3.94325995445251,1,38,38,2016-04-12T18:46:00Z,91.6666666666667,1.34900999069214,0,13,0,88.2,1.34900999069214,0,13,0
78.3333333333333,2.69801998138428,1,26,3,2016-04-12T18:47:00Z,90.7777777777778,3.94325995445251,1,38,38,91.6666666666667,1.34900999069214,0,13,0
75.4,2.69801998138428,1,26,7,2016-04-12T18:48:00Z,78.3333333333333,2.69801998138428,1,26,3,90.7777777777778,3.94325995445251,1,38,38
77,3.52817988395691,1,34,37,2016-04-12T18:49:00Z,75.4,2.69801998138428,1,26,7,78.3333333333333,2.69801998138428,1,26,3
83.75,3.11310005187988,1,30,27,2016-04-12T18:50:00Z,77,3.52817988395691,1,34,37,75.4,2.69801998138428,1,26,7
81.3,3.52817988395691,1,34,37,2016-04-12T18:51:00Z,83.75,3.11310005187988,1,30,27,77,3.52817988395691,1,34,37
74.3333333333333,1.34900999069214,0,13,0,2016-04-12T18:52:00Z,81.3,3.52817988395691,1,34,37,83.75,3.11310005187988,1,30,27
74.6,1.03770005702972,0,10,0,2016-04-12T18:53:00Z,74.3333333333333,1.34900999069214,0,13,0,81.3,3.52817988395691,1,34,37
75.3333333333333,1.14146995544434,0,11,0,2016-04-12T18:54:00Z,74.6,1.03770005702972,0,10,0,74.3333333333333,1.34900999069214,0,13,0
75.6666666666667,1.03770005702972,0,10,0,2016-04-12T18:55:00Z,75.3333333333333,1.14146995544434,0,11,0,74.6,1.03770005702972,0,10,0
76.2857142857143,1.03770005702972,0,10,0,2016-04-12T18:56:00Z,75.6666666666667,1.03770005702972,0,10,0,75.3333333333333,1.14146995544434,0,11,0
75.4,1.14146995544434,0,11,0,2016-04-12T18:57:00Z,76.2857142857143,1.03770005702972,0,10,0,75.6666666666667,1.03770005702972,0,10,0
73,1.03770005702972,0,10,0,2016-04-12T18:58:00Z,75.4,1.14146995544434,0,11,0,76.2857142857143,1.03770005702972,0,10,0
74.2,1.03770005702972,0,10,0,2016-04-12T18:59:00Z,73,1.03770005702972,0,10,0,75.4,1.14146995544434,0,11,0
75.2,1.03770005702972,0,10,0,2016-04-12T19:00:00Z,74.2,1.03770005702972,0,10,0,73,1.03770005702972,0,10,0
75.4,1.03770005702972,0,10,0,2016-04-12T19:01:00Z,75.2,1.03770005702972,0,10,0,74.2,1.03770005702972,0,10,0
75.4,1.03770005702972,0,10,0,2016-04-12T19:02:00Z,75.4,1.03770005702972,0,10,0,75.2,1.03770005702972,0,10,0
74.5,1.03770005702972,0,10,0,2016-04-12T19:03:00Z,75.4,1.03770005702972,0,10,0,75.4,1.03770005702972,0,10,0
73.4,1.03770005702972,0,10,0,2016-04-12T19:04:00Z,74.5,1.03770005702972,0,10,0,75.4,1.03770005702972,0,10,0
72.8333333333333,1.03770005702972,0,10,0,2016-04-12T19:05:00Z,73.4,1.03770005702972,0,10,0,74.5,1.03770005702972,0,10,0
74.1666666666667,1.03770005702972,0,10,0,2016-04-12T19:06:00Z,72.8333333333333,1.03770005702972,0,10,0,73.4,1.03770005702972,0,10,0
72,1.03770005702972,0,10,0,2016-04-12T19:07:00Z,74.1666666666667,1.03770005702972,0,10,0,72.8333333333333,1.03770005702972,0,10,0
71.3333333333333,1.03770005702972,0,10,0,2016-04-12T19:08:00Z,72,1.03770005702972,0,10,0,74.1666666666667,1.03770005702972,0,10,0
73,1.14146995544434,0,11,0,2016-04-12T19:09:00Z,71.3333333333333,1.03770005702972,0,10,0,72,1.03770005702972,0,10,0
74.75,2.90556001663208,1,28,22,2016-04-12T19:10:00Z,73,1.14146995544434,0,11,0,71.3333333333333,1.03770005702972,0,10,0
74,1.14146995544434,0,11,0,2016-04-12T19:11:00Z,74.75,2.90556001663208,1,28,22,73,1.14146995544434,0,11,0
75.1666666666667,1.14146995544434,0,11,0,2016-04-12T19:12:00Z,74,1.14146995544434,0,11,0,74.75,2.90556001663208,1,28,22
76.25,1.14146995544434,0,11,0,2016-04-12T19:13:00Z,75.1666666666667,1.14146995544434,0,11,0,74,1.14146995544434,0,11,0
77.5,1.14146995544434,0,11,0,2016-04-12T19:14:00Z,76.25,1.14146995544434,0,11,0,75.1666666666667,1.14146995544434,0,11,0
80.25,1.34900999069214,0,13,0,2016-04-12T19:15:00Z,77.5,1.14146995544434,0,11,0,76.25,1.14146995544434,0,11,0
81.875,1.34900999069214,0,13,0,2016-04-12T19:16:00Z,80.25,1.34900999069214,0,13,0,77.5,1.14146995544434,0,11,0
85.2,2.90556001663208,1,28,8,2016-04-12T19:17:00Z,81.875,1.34900999069214,0,13,0,80.25,1.34900999069214,0,13,0
82.25,2.49047994613647,1,24,3,2016-04-12T19:18:00Z,85.2,2.90556001663208,1,28,8,81.875,1.34900999069214,0,13,0
79,1.34900999069214,0,13,0,2016-04-12T19:19:00Z,82.25,2.49047994613647,1,24,3,85.2,2.90556001663208,1,28,8
75.2,1.34900999069214,0,13,0,2016-04-12T19:20:00Z,79,1.34900999069214,0,13,0,82.25,2.49047994613647,1,24,3
74.8,1.14146995544434,0,11,0,2016-04-12T19:21:00Z,75.2,1.34900999069214,0,13,0,79,1.34900999069214,0,13,0
73.3333333333333,1.14146995544434,0,11,0,2016-04-12T19:22:00Z,74.8,1.14146995544434,0,11,0,75.2,1.34900999069214,0,13,0
71.8,1.14146995544434,0,11,0,2016-04-12T19:23:00Z,73.3333333333333,1.14146995544434,0,11,0,74.8,1.14146995544434,0,11,0
71.8,1.14146995544434,0,11,0,2016-04-12T19:24:00Z,71.8,1.14146995544434,0,11,0,73.3333333333333,1.14146995544434,0,11,0
78.8333333333333,2.69801998138428,1,26,14,2016-04-12T19:25:00Z,71.8,1.14146995544434,0,11,0,71.8,1.14146995544434,0,11,0
79.7777777777778,3.11310005187988,1,30,23,2016-04-12T19:26:00Z,78.8333333333333,2.69801998138428,1,26,14,71.8,1.14146995544434,0,11,0
70.4285714285714,1.34900999069214,0,13,0,2016-04-12T19:27:00Z,79.7777777777778,3.11310005187988,1,30,23,78.8333333333333,2.69801998138428,1,26,14
71.7142857142857,1.03770005702972,0,10,0,2016-04-12T19:28:00Z,70.4285714285714,1.34900999069214,0,13,0,79.7777777777778,3.11310005187988,1,30,23
72,1.03770005702972,0,10,0,2016-04-12T19:29:00Z,71.7142857142857,1.03770005702972,0,10,0,70.4285714285714,1.34900999069214,0,13,0
72.8,1.03770005702972,0,10,0,2016-04-12T19:30:00Z,72,1.03770005702972,0,10,0,71.7142857142857,1.03770005702972,0,10,0
74.4,1.03770005702972,0,10,0,2016-04-12T19:31:00Z,72.8,1.03770005702972,0,10,0,72,1.03770005702972,0,10,0
71.5,1.14146995544434,0,11,0,2016-04-12T19:32:00Z,74.4,1.03770005702972,0,10,0,72.8,1.03770005702972,0,10,0
71.8333333333333,1.03770005702972,0,10,0,2016-04-12T19:33:00Z,71.5,1.14146995544434,0,11,0,74.4,1.03770005702972,0,10,0
73,1.03770005702972,0,10,0,2016-04-12T19:34:00Z,71.8333333333333,1.03770005702972,0,10,0,71.5,1.14146995544434,0,11,0
73.8333333333333,1.03770005702972,0,10,0,2016-04-12T19:35:00Z,73,1.03770005702972,0,10,0,71.8333333333333,1.03770005702972,0,10,0
75.5,1.03770005702972,0,10,0,2016-04-12T19:36:00Z,73.8333333333333,1.03770005702972,0,10,0,73,1.03770005702972,0,10,0
73,1.03770005702972,0,10,0,2016-04-12T19:37:00Z,75.5,1.03770005702972,0,10,0,73.8333333333333,1.03770005702972,0,10,0
71.75,1.03770005702972,0,10,0,2016-04-12T19:38:00Z,73,1.03770005702972,0,10,0,75.5,1.03770005702972,0,10,0
70.2,1.03770005702972,0,10,0,2016-04-12T19:39:00Z,71.75,1.03770005702972,0,10,0,73,1.03770005702972,0,10,0
69.6,1.03770005702972,0,10,0,2016-04-12T19:40:00Z,70.2,1.03770005702972,0,10,0,71.75,1.03770005702972,0,10,0
68.6,1.03770005702972,0,10,0,2016-04-12T19:41:00Z,69.6,1.03770005702972,0,10,0,70.2,1.03770005702972,0,10,0
66.3333333333333,1.03770005702972,0,10,0,2016-04-12T19:42:00Z,68.6,1.03770005702972,0,10,0,69.6,1.03770005702972,0,10,0
67.8,1.03770005702972,0,10,0,2016-04-12T19:43:00Z,66.3333333333333,1.03770005702972,0,10,0,68.6,1.03770005702972,0,10,0
67.8333333333333,1.03770005702972,0,10,0,2016-04-12T19:44:00Z,67.8,1.03770005702972,0,10,0,66.3333333333333,1.03770005702972,0,10,0
68.4,1.03770005702972,0,10,0,2016-04-12T19:45:00Z,67.8333333333333,1.03770005702972,0,10,0,67.8,1.03770005702972,0,10,0
78.2,1.14146995544434,0,11,0,2016-04-12T19:46:00Z,68.4,1.03770005702972,0,10,0,67.8333333333333,1.03770005702972,0,10,0
80.625,2.69801998138428,1,26,11,2016-04-12T19:47:00Z,78.2,1.14146995544434,0,11,0,68.4,1.03770005702972,0,10,0
79.6666666666667,3.73571991920471,1,36,50,2016-04-12T19:48:00Z,80.625,2.69801998138428,1,26,11,78.2,1.14146995544434,0,11,0
80.5,3.32064008712769,1,32,28,2016-04-12T19:49:00Z,79.6666666666667,3.73571991920471,1,36,50,80.625,2.69801998138428,1,26,11
88.2,3.52817988395691,1,34,37,2016-04-12T19:50:00Z,80.5,3.32064008712769,1,32,28,79.6666666666667,3.73571991920471,1,36,50
90,1.34900999069214,0,13,0,2016-04-12T19:51:00Z,88.2,3.52817988395691,1,34,37,80.5,3.32064008712769,1,32,28
